Date,Product ID,Product Name,Category,Quantity Sold,Stock Available,Expiry Date,Sales Price,Discount Applied,Customer Footfall,Weekday/Weekend,Holidays/Festivals,Weather Condition
2024-02-26,7565,Grapes,Fruits,10,0,2024-03-02,48.53,20,203,Weekday,0,Cold
2024-02-13,7082,Croissant,Bakery,24,17,,31.11,0,265,Weekday,0,Cloudy
2024-02-26,1921,Milkshake,Beverages,30,113,,33.36,15,475,Weekday,0,Rainy
2024-02-24,4573,Broccoli,Vegetables,26,26,2024-03-04,20.33,5,493,Weekend,0,Sunny
2024-02-22,4668,Bananas,Fruits,16,164,2024-03-08,37.8,10,326,Weekday,0,Rainy
2024-01-07,4436,Muffin,Bakery,30,195,,44.69,0,483,Weekend,0,Sunny
2024-01-24,1305,Muffin,Bakery,1,153,,10.12,15,496,Weekday,0,Rainy
2024-01-17,6368,Cheese,Dairy,28,19,2024-01-31,28.62,0,117,Weekday,0,Cold
2024-01-05,2288,Bread,Bakery,49,0,,42.11,0,246,Weekday,0,Cold
2024-02-26,8532,Carrots,Vegetables,43,82,2024-03-08,18.05,0,266,Weekday,0,Rainy
2024-02-13,9614,Soda,Beverages,3,17,,28.81,20,491,Weekday,0,Cold
2024-01-07,2377,Butter,Dairy,33,176,2024-01-14,27.57,0,126,Weekend,0,Cold
2024-02-08,9065,Cheese,Dairy,45,46,2024-02-17,23.36,15,188,Weekday,0,Cold
2024-01-18,2213,Yogurt,Dairy,44,99,2024-02-01,41.39,0,386,Weekday,0,Sunny
2024-02-10,4884,Tea,Beverages,18,192,,46.44,15,172,Weekend,0,Cold
2024-01-20,3378,Oranges,Fruits,35,89,2024-01-23,41.73,20,369,Weekend,0,Cold
2024-02-17,4126,Milk,Dairy,13,188,2024-02-20,9.65,5,327,Weekend,0,Rainy
2024-01-14,8780,Yogurt,Dairy,34,163,2024-01-17,11.17,5,366,Weekend,1,Cloudy
2024-02-29,4758,Tomatoes,Vegetables,26,196,2024-03-12,13.86,0,100,Weekday,0,Sunny
2024-01-23,8351,Coffee,Beverages,22,156,,47.83,0,245,Weekday,0,Sunny
2024-01-02,1376,Croissant,Bakery,2,148,,7.13,0,426,Weekday,0,Cold
2024-01-13,8488,Apples,Fruits,46,171,2024-01-17,46.09,0,260,Weekend,0,Cloudy
2024-02-07,9460,Tea,Beverages,50,74,,40.01,0,293,Weekday,0,Rainy
2024-02-12,7296,Milk,Dairy,48,103,2024-02-16,35.57,10,449,Weekday,0,Rainy
2024-01-24,4051,Tomatoes,Vegetables,16,57,2024-02-02,45.5,15,181,Weekday,0,Rainy
2024-02-24,4281,Croissant,Bakery,40,146,,7.69,5,381,Weekend,0,Rainy
2024-01-26,9597,Tomatoes,Vegetables,48,173,2024-02-07,24.7,15,426,Weekday,0,Cloudy
2024-02-04,6762,Tomatoes,Vegetables,45,124,2024-02-14,48.04,15,258,Weekend,0,Rainy
2024-02-18,6525,Carrots,Vegetables,10,76,2024-02-27,24.79,20,200,Weekend,0,Cloudy
2024-01-10,8401,Bananas,Fruits,11,12,2024-01-21,49.98,5,110,Weekday,0,Sunny
2024-02-17,9096,Soda,Beverages,22,91,,44.36,10,164,Weekend,0,Sunny
2024-02-04,3360,Soda,Beverages,13,68,,10.03,15,285,Weekend,0,Cloudy
2024-02-17,9096,Soda,Beverages,22,91,,44.36,10,164,Weekend,0,Sunny
2024-01-29,3892,Broccoli,Vegetables,21,135,2024-02-07,18.53,5,139,Weekday,0,Cold
2024-02-11,2100,Cheese,Dairy,30,52,2024-02-20,46.72,15,151,Weekend,0,Cold
2024-02-27,5944,Yogurt,Dairy,44,55,2024-03-03,31.89,0,335,Weekday,0,Sunny
2024-02-02,1935,Tomatoes,Vegetables,12,147,2024-02-11,48.12,5,379,Weekday,0,Sunny
2024-01-02,5187,Milk,Dairy,22,107,2024-01-15,26.94,20,202,Weekday,0,Sunny
2024-02-12,2350,Grapes,Fruits,47,25,2024-02-13,45.51,0,159,Weekday,0,Cloudy
2024-01-09,8672,Carrots,Vegetables,42,49,2024-01-21,44.77,0,183,Weekday,0,Cold
2024-01-20,4585,Potatoes,Vegetables,24,138,2024-01-27,37.46,15,326,Weekend,0,Rainy
2024-01-31,4665,Carrots,Vegetables,23,133,2024-02-03,17.66,15,168,Weekday,0,Cloudy
2024-01-16,7437,Potatoes,Vegetables,10,42,2024-01-22,28.57,15,227,Weekday,0,Sunny
2024-01-01,1865,Broccoli,Vegetables,13,191,2024-01-16,19.17,20,136,Weekday,0,Cloudy
2024-01-13,7125,Muffin,Bakery,48,108,,41.45,0,105,Weekend,0,Cold
2024-02-08,2632,Carrots,Vegetables,9,32,2024-02-17,15.22,20,232,Weekday,0,Cold
2024-01-29,7622,Donut,Bakery,50,149,,47.04,5,189,Weekday,0,Sunny
2024-02-14,6542,Milk,Dairy,39,107,2024-02-28,25.81,0,204,Weekday,1,Cold
2024-01-05,1058,Coffee,Beverages,50,81,,32.08,0,315,Weekday,0,Rainy
2024-02-17,4126,Milk,Dairy,13,188,2024-02-20,9.65,5,327,Weekend,0,Rainy
2024-01-26,9970,Oranges,Fruits,43,19,2024-02-05,45.48,15,203,Weekday,0,Sunny
2024-02-08,8546,Coffee,Beverages,49,114,,12.32,10,312,Weekday,0,Cold
2024-01-02,5271,Milkshake,Beverages,43,97,,15.95,0,418,Weekday,0,Cloudy
2024-01-11,2401,Tomatoes,Vegetables,46,116,2024-01-12,8.11,5,140,Weekday,0,Rainy
2024-02-25,5770,Muffin,Bakery,5,22,,13.73,5,173,Weekend,1,Rainy
2024-02-21,8905,Donut,Bakery,48,200,,13.4,15,273,Weekday,0,Rainy
2024-02-21,9008,Croissant,Bakery,40,89,,24.79,10,284,Weekday,0,Cold
2024-01-29,1402,Tomatoes,Vegetables,45,84,2024-02-11,46.12,15,107,Weekday,0,Rainy
2024-02-26,9446,Croissant,Bakery,10,69,,26.02,15,392,Weekday,0,Cold
2024-02-05,6922,Broccoli,Vegetables,42,163,2024-02-06,45.85,15,353,Weekday,0,Cloudy
2024-01-21,1949,Potatoes,Vegetables,5,15,2024-01-27,14.41,20,480,Weekend,0,Sunny
2024-02-06,1847,Juice,Beverages,43,78,,41.24,10,232,Weekday,0,Cold
2024-01-09,4833,Mangoes,Fruits,9,113,2024-01-19,45.32,20,103,Weekday,0,Rainy
2024-01-11,3166,Mangoes,Fruits,10,147,2024-01-22,39.45,5,236,Weekday,0,Rainy
2024-02-19,8128,Bread,Bakery,3,71,,48.46,20,497,Weekday,0,Rainy
2024-01-14,4373,Tomatoes,Vegetables,46,130,2024-01-19,39.88,20,224,Weekend,1,Cloudy
2024-02-10,3698,Bananas,Fruits,39,114,2024-02-25,42.23,10,353,Weekend,0,Sunny
2024-01-23,2656,Carrots,Vegetables,36,183,2024-01-31,45.8,15,200,Weekday,0,Cloudy
2024-02-20,7276,Tea,Beverages,13,133,,22.49,5,340,Weekday,0,Cold
2024-01-15,2024,Grapes,Fruits,42,37,2024-01-18,8.1,20,336,Weekday,0,Cloudy
2024-02-05,7484,Bread,Bakery,13,23,,23.96,20,271,Weekday,0,Sunny
2024-01-17,7369,Carrots,Vegetables,49,168,2024-01-23,14.23,5,487,Weekday,0,Sunny
2024-02-13,1500,Bread,Bakery,39,79,,16.37,0,237,Weekday,0,Cold
2024-02-23,1466,Cheese,Dairy,15,134,2024-03-03,11.73,5,291,Weekday,0,Sunny
2024-02-09,4068,Apples,Fruits,40,40,2024-02-15,23.19,5,439,Weekday,0,Rainy
2024-01-11,4339,Butter,Dairy,42,36,2024-01-15,28.75,15,250,Weekday,0,Rainy
2024-02-08,5163,Yogurt,Dairy,40,89,2024-02-23,9.93,20,340,Weekday,0,Cloudy
2024-01-10,5598,Potatoes,Vegetables,15,83,2024-01-21,34.03,5,287,Weekday,0,Cloudy
2024-01-19,8936,Milk,Dairy,2,14,2024-01-23,42.19,10,100,Weekday,0,Cold
2024-01-25,2527,Coffee,Beverages,46,18,,34.94,15,384,Weekday,1,Sunny
2024-02-23,8973,Butter,Dairy,27,143,2024-03-09,37.01,15,373,Weekday,0,Sunny
2024-02-29,8031,Cheese,Dairy,25,105,2024-03-07,7.03,5,449,Weekday,0,Sunny
2024-01-01,7924,Juice,Beverages,47,191,,11.24,15,317,Weekday,1,Sunny
2024-01-04,5733,Milkshake,Beverages,18,182,,43.99,20,189,Weekday,0,Cloudy
2024-01-27,7833,Soda,Beverages,18,50,,42.99,0,474,Weekend,0,Rainy
2024-02-27,4457,Tomatoes,Vegetables,2,92,2024-03-04,22.79,5,289,Weekday,0,Cold
2024-02-02,2561,Butter,Dairy,42,166,2024-02-03,30.8,10,172,Weekday,0,Rainy
2024-02-24,9618,Soda,Beverages,36,133,,28.12,15,428,Weekend,0,Cloudy
2024-02-28,3858,Coffee,Beverages,10,1,,16.7,5,259,Weekday,0,Rainy
2024-01-30,7547,Apples,Fruits,11,57,2024-02-03,20.38,10,195,Weekday,0,Rainy
2024-01-20,2427,Milk,Dairy,13,75,2024-01-21,33.45,20,267,Weekend,0,Sunny
2024-01-21,1349,Cheese,Dairy,21,87,2024-01-24,48.17,5,361,Weekend,0,Rainy
2024-01-15,5757,Butter,Dairy,2,142,2024-01-17,15.82,10,389,Weekday,0,Cloudy
2024-01-19,2985,Potatoes,Vegetables,22,75,2024-01-23,15.64,15,422,Weekday,0,Sunny
2024-01-12,3590,Croissant,Bakery,33,54,,6.69,15,494,Weekday,0,Cloudy
2024-02-20,1063,Coffee,Beverages,40,194,,36.03,5,462,Weekday,0,Sunny
2024-01-03,6919,Apples,Fruits,37,24,2024-01-11,38.88,20,403,Weekday,0,Cold
2024-02-22,2819,Cheese,Dairy,28,93,2024-02-26,40.52,10,420,Weekday,0,Rainy
2024-01-07,6871,Carrots,Vegetables,37,74,2024-01-11,6.57,5,411,Weekend,0,Cloudy
2024-01-11,1609,Croissant,Bakery,2,70,,9.73,15,373,Weekday,0,Cold
2024-02-08,4736,Butter,Dairy,1,118,2024-02-17,40.14,0,377,Weekday,0,Cloudy
2024-02-16,5477,Butter,Dairy,21,142,2024-03-01,9.1,10,435,Weekday,0,Cloudy
2024-02-22,6558,Yogurt,Dairy,21,3,2024-03-03,46.02,5,354,Weekday,0,Rainy
2024-02-23,9956,Donut,Bakery,40,143,,5.98,10,445,Weekday,0,Cold
2024-01-26,4518,Grapes,Fruits,22,163,2024-02-08,9.83,5,277,Weekday,0,Cloudy
2024-01-21,1337,Cheese,Dairy,35,7,2024-01-25,45.74,5,418,Weekend,0,Sunny
2024-02-10,1743,Soda,Beverages,46,117,,14.61,15,212,Weekend,0,Rainy
2024-01-05,6260,Bread,Bakery,45,50,,28.29,5,301,Weekday,0,Rainy
2024-02-04,6164,Croissant,Bakery,32,151,,43.65,0,118,Weekend,0,Sunny
2024-02-06,6378,Yogurt,Dairy,24,198,2024-02-12,14.99,20,182,Weekday,0,Cloudy
2024-02-18,8168,Broccoli,Vegetables,19,168,2024-02-20,25.75,5,251,Weekend,0,Cloudy
2024-01-31,2120,Broccoli,Vegetables,47,164,2024-02-04,23.81,20,295,Weekday,0,Rainy
2024-02-02,5318,Croissant,Bakery,10,126,,27.33,10,295,Weekday,0,Rainy
2024-02-21,9922,Yogurt,Dairy,26,113,2024-02-25,47.59,10,334,Weekday,0,Cold
2024-01-26,4518,Grapes,Fruits,22,163,2024-02-08,9.83,5,277,Weekday,0,Cloudy
2024-02-08,6755,Yogurt,Dairy,44,29,2024-02-19,36.98,0,380,Weekday,0,Rainy
2024-01-20,6613,Donut,Bakery,21,150,,44.5,0,416,Weekend,0,Cold
2024-02-13,3784,Donut,Bakery,8,156,,6.61,5,411,Weekday,0,Cold
2024-02-09,8836,Carrots,Vegetables,10,43,2024-02-16,25.37,5,382,Weekday,0,Rainy
2024-01-20,6873,Grapes,Fruits,44,3,2024-01-31,44.1,0,404,Weekend,0,Sunny
2024-01-11,1350,Bread,Bakery,37,69,,12.47,0,167,Weekday,0,Sunny
2024-02-21,5778,Muffin,Bakery,49,153,,38.44,0,131,Weekday,0,Cold
2024-02-14,7468,Milkshake,Beverages,46,21,,19.91,5,459,Weekday,0,Cloudy
2024-02-13,9660,Spinach,Vegetables,23,94,2024-02-17,22.43,0,358,Weekday,0,Cloudy
2024-02-07,3754,Milkshake,Beverages,20,34,,17.41,5,273,Weekday,0,Cold
2024-01-29,1539,Muffin,Bakery,32,182,,5.3,15,183,Weekday,0,Sunny
2024-02-21,3254,Milkshake,Beverages,17,29,,11.84,10,252,Weekday,0,Cold
2024-01-05,6594,Mangoes,Fruits,18,133,2024-01-09,43.06,5,315,Weekday,0,Cold
2024-01-25,7796,Bananas,Fruits,14,82,2024-01-27,49.41,0,234,Weekday,1,Cloudy
2024-01-12,3590,Croissant,Bakery,33,54,,6.69,15,494,Weekday,0,Cloudy
2024-02-07,6356,Carrots,Vegetables,38,126,2024-02-09,40.15,10,427,Weekday,0,Rainy
2024-02-29,3064,Bread,Bakery,2,57,,12.72,20,397,Weekday,0,Rainy
2024-01-28,6429,Coffee,Beverages,9,159,,40.36,10,304,Weekend,0,Rainy
2024-02-22,3222,Oranges,Fruits,26,86,2024-03-04,16.51,5,248,Weekday,0,Sunny
2024-01-27,6538,Tea,Beverages,6,4,,46.24,10,454,Weekend,0,Rainy
2024-02-29,3983,Milkshake,Beverages,46,107,,8.08,15,444,Weekday,0,Cold
2024-02-25,4147,Spinach,Vegetables,28,118,2024-03-10,34.43,5,119,Weekend,1,Cloudy
2024-01-29,8808,Croissant,Bakery,21,44,,27.32,5,227,Weekday,0,Cloudy
2024-02-04,2498,Donut,Bakery,4,69,,10.93,0,215,Weekend,0,Cloudy
2024-01-28,7675,Grapes,Fruits,48,82,2024-02-01,34.68,0,288,Weekend,0,Rainy
2024-02-20,5796,Butter,Dairy,8,11,2024-02-21,42.23,5,147,Weekday,0,Cloudy
2024-02-02,5844,Mangoes,Fruits,47,22,2024-02-15,42.27,5,250,Weekday,0,Cloudy
2024-02-09,5810,Bread,Bakery,30,100,,23.81,10,449,Weekday,0,Sunny
2024-02-22,2819,Cheese,Dairy,28,93,2024-02-26,40.52,10,420,Weekday,0,Rainy
2024-01-10,8401,Bananas,Fruits,11,12,2024-01-21,49.98,5,110,Weekday,0,Sunny
2024-02-01,9351,Coffee,Beverages,30,156,,28.31,20,140,Weekday,0,Cold
2024-02-01,4298,Broccoli,Vegetables,40,106,2024-02-15,37.38,20,421,Weekday,1,Rainy
2024-02-18,5117,Milk,Dairy,2,13,2024-02-25,14.82,10,110,Weekend,0,Cloudy
2024-02-05,5445,Mangoes,Fruits,17,186,2024-02-19,37.19,0,133,Weekday,0,Cloudy
2024-02-02,1064,Juice,Beverages,2,133,,42.44,20,133,Weekday,0,Rainy
2024-01-16,5405,Muffin,Bakery,47,119,,36.5,5,313,Weekday,0,Sunny
2024-02-04,6164,Croissant,Bakery,32,151,,43.65,0,118,Weekend,0,Sunny
2024-02-03,7769,Milk,Dairy,17,69,2024-02-13,7.47,20,256,Weekend,0,Sunny
2024-02-26,4915,Milk,Dairy,48,45,2024-03-03,29.4,10,188,Weekday,0,Cloudy
2024-01-23,4371,Apples,Fruits,7,7,2024-02-04,44.3,20,389,Weekday,0,Cloudy
2024-01-29,1539,Muffin,Bakery,32,182,,5.3,15,183,Weekday,0,Sunny
2024-02-26,4915,Milk,Dairy,48,45,2024-03-03,29.4,10,188,Weekday,0,Cloudy
2024-02-17,5444,Croissant,Bakery,50,175,,17.12,20,205,Weekend,0,Cloudy
2024-02-25,5770,Muffin,Bakery,5,22,,13.73,5,173,Weekend,1,Rainy
2024-02-04,3418,Yogurt,Dairy,40,66,2024-02-17,24.65,0,389,Weekend,0,Sunny
2024-01-06,6471,Apples,Fruits,4,172,2024-01-07,31.0,15,175,Weekend,0,Sunny
2024-01-01,2454,Mangoes,Fruits,18,166,2024-01-03,20.8,15,174,Weekday,0,Cloudy
2024-02-02,3603,Oranges,Fruits,25,122,2024-02-06,31.96,20,487,Weekday,0,Cloudy
2024-01-11,5580,Muffin,Bakery,28,200,,41.55,0,108,Weekday,0,Cold
2024-02-12,3729,Tomatoes,Vegetables,22,183,2024-02-13,10.96,10,390,Weekday,0,Sunny
2024-01-20,8222,Croissant,Bakery,50,104,,30.8,10,443,Weekend,0,Rainy
2024-02-27,6971,Tomatoes,Vegetables,7,188,2024-03-03,5.99,15,335,Weekday,0,Sunny
2024-02-23,1466,Cheese,Dairy,15,134,2024-03-03,11.73,5,291,Weekday,0,Sunny
2024-02-06,1847,Juice,Beverages,43,78,,41.24,10,232,Weekday,0,Cold
2024-01-13,9522,Grapes,Fruits,21,152,2024-01-23,16.82,20,311,Weekend,0,Cloudy
2024-02-11,4012,Croissant,Bakery,26,146,,36.51,20,447,Weekend,0,Cloudy
2024-01-11,6578,Apples,Fruits,8,62,2024-01-26,13.31,5,463,Weekday,0,Cloudy
2024-01-07,5781,Soda,Beverages,9,59,,7.78,5,309,Weekend,0,Rainy
2024-01-21,4718,Bread,Bakery,24,11,,21.96,5,185,Weekend,0,Rainy
2024-02-08,6755,Yogurt,Dairy,44,29,2024-02-19,36.98,0,380,Weekday,0,Rainy
2024-01-15,5621,Spinach,Vegetables,44,143,2024-01-30,31.2,10,284,Weekday,0,Rainy
2024-01-14,5443,Butter,Dairy,41,73,2024-01-28,18.05,10,103,Weekend,1,Cold
2024-02-14,6790,Mangoes,Fruits,33,53,2024-02-16,7.17,10,451,Weekday,0,Cold
2024-01-10,4835,Coffee,Beverages,16,120,,12.41,0,471,Weekday,0,Rainy
2024-02-19,3443,Apples,Fruits,46,115,2024-02-24,5.01,10,225,Weekday,0,Cloudy
2024-02-07,1839,Milk,Dairy,6,74,2024-02-08,27.6,5,160,Weekday,0,Sunny
2024-01-08,4624,Bananas,Fruits,9,13,2024-01-19,44.6,20,185,Weekday,0,Rainy
2024-01-31,5894,Broccoli,Vegetables,25,38,2024-02-11,40.01,10,361,Weekday,0,Sunny
2024-02-27,6693,Spinach,Vegetables,40,163,2024-03-02,42.88,10,173,Weekday,0,Rainy
2024-01-10,6070,Butter,Dairy,48,189,2024-01-22,20.07,15,469,Weekday,0,Rainy
2024-01-24,3268,Spinach,Vegetables,33,145,2024-01-25,12.49,10,145,Weekday,0,Sunny
2024-02-02,3934,Bread,Bakery,47,89,,35.8,10,459,Weekday,0,Cold
2024-02-08,5163,Yogurt,Dairy,40,89,2024-02-23,9.93,20,340,Weekday,0,Cloudy
2024-02-17,9253,Potatoes,Vegetables,10,23,2024-02-21,38.6,0,230,Weekend,0,Cloudy
2024-01-21,7371,Apples,Fruits,26,83,2024-02-05,19.54,5,128,Weekend,0,Sunny
2024-01-08,7584,Cheese,Dairy,39,110,2024-01-21,44.92,20,358,Weekday,0,Cold
2024-02-28,3352,Muffin,Bakery,15,79,,33.16,0,267,Weekday,0,Rainy
2024-02-13,9660,Spinach,Vegetables,23,94,2024-02-17,22.43,0,358,Weekday,0,Cloudy
2024-01-25,8160,Milkshake,Beverages,11,2,,49.28,10,334,Weekday,1,Sunny
2024-02-16,1361,Cheese,Dairy,33,92,2024-02-22,26.39,15,434,Weekday,0,Rainy
2024-01-28,5491,Spinach,Vegetables,21,198,2024-02-10,20.74,20,330,Weekend,0,Cloudy
2024-01-17,7369,Carrots,Vegetables,49,168,2024-01-23,14.23,5,487,Weekday,0,Sunny
2024-02-13,9614,Soda,Beverages,3,17,,28.81,20,491,Weekday,0,Cold
2024-02-02,3306,Bread,Bakery,45,38,,21.53,15,423,Weekday,0,Sunny
2024-01-24,7004,Coffee,Beverages,31,39,,7.78,0,101,Weekday,0,Cloudy
2024-01-08,1188,Oranges,Fruits,29,76,2024-01-10,41.98,5,102,Weekday,0,Rainy
2024-01-14,2797,Cheese,Dairy,19,166,2024-01-25,34.21,20,320,Weekend,0,Sunny
2024-01-08,4624,Bananas,Fruits,9,13,2024-01-19,44.6,20,185,Weekday,0,Rainy
2024-01-18,8613,Bananas,Fruits,6,163,2024-01-19,22.64,5,479,Weekday,0,Cloudy
2024-02-01,5652,Potatoes,Vegetables,42,156,2024-02-13,48.53,5,330,Weekday,0,Rainy
2024-02-20,7276,Tea,Beverages,13,133,,22.49,5,340,Weekday,0,Cold
2024-02-14,4551,Milk,Dairy,36,30,2024-02-23,28.54,20,296,Weekday,1,Cloudy
2024-01-01,2454,Mangoes,Fruits,18,166,2024-01-03,20.8,15,174,Weekday,0,Cloudy
2024-02-14,5892,Grapes,Fruits,43,45,2024-02-22,43.25,20,369,Weekday,1,Sunny
2024-01-13,6701,Carrots,Vegetables,34,83,2024-01-25,24.11,15,114,Weekend,0,Rainy
2024-01-23,3332,Yogurt,Dairy,42,133,2024-01-24,47.43,20,113,Weekday,0,Sunny
2024-02-23,5324,Grapes,Fruits,4,155,2024-02-27,36.19,10,251,Weekday,0,Sunny
2024-02-29,3983,Milkshake,Beverages,46,107,,8.08,15,444,Weekday,0,Cold
2024-02-20,1111,Broccoli,Vegetables,3,86,2024-02-21,12.88,0,376,Weekday,0,Sunny
2024-01-01,7998,Bananas,Fruits,12,37,2024-01-04,8.49,5,169,Weekday,0,Sunny
2024-02-26,8900,Potatoes,Vegetables,23,131,2024-03-04,49.25,20,388,Weekday,0,Cold
2024-02-10,3698,Bananas,Fruits,39,114,2024-02-25,42.23,10,353,Weekend,0,Sunny
2024-01-11,7757,Milkshake,Beverages,8,13,,19.63,20,412,Weekday,0,Sunny
2024-02-27,5944,Yogurt,Dairy,44,55,2024-03-03,31.89,0,335,Weekday,0,Sunny
2024-01-21,8935,Mangoes,Fruits,5,150,2024-02-05,17.96,20,244,Weekend,0,Rainy
2024-01-08,6483,Coffee,Beverages,46,175,,43.09,15,316,Weekday,0,Rainy
2024-01-03,5918,Spinach,Vegetables,33,189,2024-01-13,34.54,5,297,Weekday,0,Rainy
2024-02-27,2318,Juice,Beverages,1,3,,16.97,0,371,Weekday,0,Rainy
2024-02-01,4298,Broccoli,Vegetables,40,106,2024-02-15,37.38,20,421,Weekday,1,Rainy
2024-01-30,3819,Milkshake,Beverages,43,152,,19.77,10,247,Weekday,0,Cloudy
2024-01-06,8843,Milk,Dairy,44,97,2024-01-15,15.42,5,221,Weekend,0,Cloudy
2024-01-13,6701,Carrots,Vegetables,34,83,2024-01-25,24.11,15,114,Weekend,0,Rainy
2024-02-26,3720,Potatoes,Vegetables,14,56,2024-03-05,24.74,20,491,Weekday,0,Rainy
2024-01-26,6082,Tomatoes,Vegetables,9,52,2024-02-08,45.02,0,408,Weekday,0,Cloudy
2024-01-05,6260,Bread,Bakery,45,50,,28.29,5,301,Weekday,0,Rainy
2024-01-08,9313,Tomatoes,Vegetables,4,96,2024-01-15,13.75,10,358,Weekday,0,Rainy
2024-02-15,1400,Donut,Bakery,4,119,,6.09,0,197,Weekday,0,Cloudy
2024-02-13,5564,Milkshake,Beverages,7,149,,18.43,5,231,Weekday,0,Cold
2024-01-17,7369,Carrots,Vegetables,49,168,2024-01-23,14.23,5,487,Weekday,0,Sunny
2024-02-11,9980,Yogurt,Dairy,9,161,2024-02-18,47.29,5,419,Weekend,0,Cloudy
2024-02-29,3341,Tea,Beverages,31,140,,41.6,10,376,Weekday,0,Cold
2024-02-17,1771,Donut,Bakery,1,176,,17.73,15,304,Weekend,0,Cold
2024-01-09,2247,Butter,Dairy,49,162,2024-01-19,38.57,5,206,Weekday,0,Cloudy
2024-02-10,9728,Apples,Fruits,24,54,2024-02-17,33.43,10,448,Weekend,0,Rainy
2024-01-20,6613,Donut,Bakery,21,150,,44.5,0,416,Weekend,0,Cold
2024-02-10,3698,Bananas,Fruits,39,114,2024-02-25,42.23,10,353,Weekend,0,Sunny
2024-02-27,7989,Coffee,Beverages,9,176,,15.69,15,100,Weekday,0,Sunny
2024-01-21,4718,Bread,Bakery,24,11,,21.96,5,185,Weekend,0,Rainy
2024-02-01,5305,Potatoes,Vegetables,49,92,2024-02-03,48.57,0,297,Weekday,1,Rainy
2024-02-22,6558,Yogurt,Dairy,21,3,2024-03-03,46.02,5,354,Weekday,0,Rainy
2024-02-04,6087,Carrots,Vegetables,42,14,2024-02-11,16.17,5,382,Weekend,0,Cloudy
2024-01-23,8351,Coffee,Beverages,22,156,,47.83,0,245,Weekday,0,Sunny
2024-02-17,9253,Potatoes,Vegetables,10,23,2024-02-21,38.6,0,230,Weekend,0,Cloudy
2024-01-24,9488,Muffin,Bakery,41,13,,48.9,0,268,Weekday,0,Sunny
2024-02-22,4933,Soda,Beverages,6,64,,45.76,15,101,Weekday,0,Rainy
2024-02-07,5043,Yogurt,Dairy,15,153,2024-02-15,20.47,15,277,Weekday,0,Rainy
2024-01-02,5650,Apples,Fruits,17,96,2024-01-07,14.4,10,198,Weekday,0,Sunny
2024-01-12,7054,Tea,Beverages,24,29,,24.89,0,107,Weekday,0,Rainy
2024-01-29,3892,Broccoli,Vegetables,21,135,2024-02-07,18.53,5,139,Weekday,0,Cold
2024-01-22,6263,Milk,Dairy,31,154,2024-02-04,35.79,10,175,Weekday,0,Cloudy
2024-01-02,3726,Muffin,Bakery,32,116,,30.67,20,393,Weekday,0,Sunny
2024-01-12,1287,Spinach,Vegetables,2,124,2024-01-18,32.81,10,398,Weekday,0,Sunny
2024-02-09,6788,Butter,Dairy,26,131,2024-02-20,28.32,5,312,Weekday,0,Cloudy
2024-01-15,7425,Mangoes,Fruits,18,117,2024-01-29,21.41,5,355,Weekday,0,Rainy
2024-02-13,1500,Bread,Bakery,39,79,,16.37,0,237,Weekday,0,Cold
2024-02-17,7255,Broccoli,Vegetables,36,193,2024-02-18,42.19,20,273,Weekend,0,Sunny
2024-01-23,3332,Yogurt,Dairy,42,133,2024-01-24,47.43,20,113,Weekday,0,Sunny
2024-02-20,9228,Carrots,Vegetables,39,22,2024-02-27,7.89,20,480,Weekday,0,Rainy
2024-02-10,3698,Bananas,Fruits,39,114,2024-02-25,42.23,10,353,Weekend,0,Sunny
2024-02-02,5957,Spinach,Vegetables,19,10,2024-02-03,41.33,10,395,Weekday,0,Cold
2024-01-28,7407,Tea,Beverages,49,192,,34.55,15,196,Weekend,0,Sunny
2024-02-23,8681,Soda,Beverages,48,185,,5.36,0,355,Weekday,0,Sunny
2024-01-01,5797,Muffin,Bakery,6,88,,19.75,15,382,Weekday,0,Rainy
2024-02-29,8746,Tomatoes,Vegetables,39,134,2024-03-01,43.63,5,423,Weekday,0,Sunny
2024-01-08,7458,Tomatoes,Vegetables,28,196,2024-01-20,46.98,5,281,Weekday,0,Rainy
2024-01-24,3237,Muffin,Bakery,20,128,,6.38,10,325,Weekday,0,Cloudy
2024-02-23,4277,Grapes,Fruits,29,117,2024-02-27,38.06,10,242,Weekday,0,Cloudy
2024-01-26,2588,Carrots,Vegetables,19,40,2024-02-03,11.61,10,250,Weekday,0,Cold
2024-01-05,6260,Bread,Bakery,45,50,,28.29,5,301,Weekday,0,Rainy
2024-02-23,5324,Grapes,Fruits,4,155,2024-02-27,36.19,10,251,Weekday,0,Sunny
2024-01-14,5443,Butter,Dairy,41,73,2024-01-28,18.05,10,103,Weekend,1,Cold
2024-01-25,6091,Potatoes,Vegetables,30,112,2024-01-27,48.91,5,228,Weekday,1,Cloudy
2024-01-16,6760,Carrots,Vegetables,28,8,2024-01-19,10.18,0,204,Weekday,0,Rainy
2024-01-10,3385,Potatoes,Vegetables,28,172,2024-01-13,23.38,15,202,Weekday,0,Cloudy
2024-01-31,1789,Milkshake,Beverages,45,131,,11.66,10,283,Weekday,0,Rainy
2024-02-26,8900,Potatoes,Vegetables,23,131,2024-03-04,49.25,20,388,Weekday,0,Cold
2024-02-04,6762,Tomatoes,Vegetables,45,124,2024-02-14,48.04,15,258,Weekend,0,Rainy
2024-02-19,6513,Apples,Fruits,42,82,2024-03-05,22.71,15,112,Weekday,0,Sunny
2024-02-26,1515,Cheese,Dairy,31,81,2024-03-01,14.68,5,408,Weekday,0,Rainy
2024-01-10,2405,Soda,Beverages,35,15,,10.34,20,387,Weekday,0,Cloudy
2024-01-13,8488,Apples,Fruits,46,171,2024-01-17,46.09,0,260,Weekend,0,Cloudy
2024-02-19,6990,Tea,Beverages,47,108,,45.05,15,357,Weekday,0,Rainy
2024-02-16,6099,Soda,Beverages,18,173,,7.31,0,348,Weekday,0,Sunny
2024-02-29,4758,Tomatoes,Vegetables,26,196,2024-03-12,13.86,0,100,Weekday,0,Sunny
2024-01-07,4920,Potatoes,Vegetables,39,90,2024-01-10,26.56,10,153,Weekend,0,Rainy
2024-01-01,6896,Potatoes,Vegetables,48,183,2024-01-16,32.13,10,349,Weekday,1,Cold
2024-01-29,1402,Tomatoes,Vegetables,45,84,2024-02-11,46.12,15,107,Weekday,0,Rainy
2024-01-29,8093,Juice,Beverages,32,6,,27.06,15,464,Weekday,0,Cloudy
2024-02-04,1496,Tea,Beverages,35,70,,39.19,10,400,Weekend,0,Rainy
2024-02-01,4300,Spinach,Vegetables,9,104,2024-02-15,49.5,5,141,Weekday,1,Rainy
2024-02-12,3774,Muffin,Bakery,24,115,,48.31,10,185,Weekday,0,Sunny
2024-02-18,4489,Oranges,Fruits,29,115,2024-02-28,29.49,0,411,Weekend,0,Rainy
2024-01-08,3640,Milk,Dairy,15,12,2024-01-09,14.99,5,307,Weekday,0,Sunny
2024-01-25,1599,Potatoes,Vegetables,15,186,2024-02-02,31.98,15,353,Weekday,1,Sunny
2024-02-09,9042,Oranges,Fruits,18,188,2024-02-22,13.05,20,268,Weekday,0,Rainy
2024-02-26,5603,Bread,Bakery,28,47,,6.89,0,314,Weekday,0,Cold
2024-01-13,2918,Bananas,Fruits,31,57,2024-01-25,30.16,10,341,Weekend,0,Sunny
2024-02-29,2444,Muffin,Bakery,45,28,,37.4,10,244,Weekday,0,Sunny
2024-02-23,9308,Yogurt,Dairy,48,114,2024-03-09,24.72,10,166,Weekday,0,Cloudy
2024-02-07,2783,Spinach,Vegetables,2,126,2024-02-18,47.04,20,241,Weekday,0,Cold
2024-01-27,1526,Milkshake,Beverages,29,173,,48.8,0,484,Weekend,0,Rainy
2024-02-16,7246,Spinach,Vegetables,24,111,2024-03-02,34.63,10,492,Weekday,0,Rainy
2024-01-21,8699,Butter,Dairy,27,128,2024-01-24,9.96,15,395,Weekend,0,Cold
2024-01-27,6538,Tea,Beverages,6,4,,46.24,10,454,Weekend,0,Rainy
2024-02-11,6115,Tea,Beverages,34,56,,20.32,0,487,Weekend,0,Cloudy
2024-02-15,7229,Mangoes,Fruits,9,141,2024-02-21,25.06,0,477,Weekday,0,Sunny
2024-01-02,9821,Croissant,Bakery,12,112,,9.94,20,260,Weekday,0,Rainy
2024-02-04,2239,Tomatoes,Vegetables,39,125,2024-02-06,6.64,10,109,Weekend,0,Cloudy
2024-01-01,8873,Donut,Bakery,30,26,,14.74,15,397,Weekday,1,Sunny
2024-01-17,6546,Milkshake,Beverages,32,33,,29.72,5,371,Weekday,0,Cloudy
2024-01-26,5197,Bread,Bakery,33,67,,45.65,15,233,Weekday,0,Sunny
2024-01-20,5376,Donut,Bakery,5,193,,16.83,15,412,Weekend,0,Cloudy
2024-02-02,3541,Tea,Beverages,30,36,,21.5,10,491,Weekday,0,Cold
2024-02-18,9836,Soda,Beverages,29,112,,35.08,10,432,Weekend,0,Rainy
2024-01-24,7984,Broccoli,Vegetables,45,140,2024-02-07,37.05,20,306,Weekday,0,Rainy
2024-02-28,8182,Muffin,Bakery,40,135,,27.18,20,344,Weekday,0,Sunny
2024-02-25,7493,Juice,Beverages,21,172,,32.24,10,225,Weekend,1,Cloudy
2024-02-11,1255,Tomatoes,Vegetables,37,147,2024-02-25,6.02,20,341,Weekend,0,Sunny
2024-02-06,1105,Grapes,Fruits,32,87,2024-02-21,13.75,10,305,Weekday,0,Sunny
2024-02-12,3774,Muffin,Bakery,24,115,,48.31,10,185,Weekday,0,Sunny
2024-01-03,2685,Muffin,Bakery,9,85,,35.58,5,405,Weekday,0,Cold
2024-01-29,5596,Carrots,Vegetables,40,75,2024-02-04,15.01,20,497,Weekday,0,Rainy
2024-02-27,5807,Croissant,Bakery,13,148,,47.52,10,272,Weekday,0,Rainy
2024-01-08,1782,Croissant,Bakery,28,49,,6.92,0,346,Weekday,0,Rainy
2024-01-16,7356,Muffin,Bakery,47,48,,12.04,10,187,Weekday,0,Rainy
2024-01-29,8093,Juice,Beverages,32,6,,27.06,15,464,Weekday,0,Cloudy
2024-01-16,1120,Carrots,Vegetables,43,67,2024-01-30,47.18,0,264,Weekday,0,Cold
2024-02-04,2498,Donut,Bakery,4,69,,10.93,0,215,Weekend,0,Cloudy
2024-02-11,6882,Bread,Bakery,5,119,,9.87,5,169,Weekend,0,Cold
2024-02-23,5611,Donut,Bakery,25,152,,18.34,15,346,Weekday,0,Cold
2024-02-20,6699,Muffin,Bakery,10,135,,14.09,5,169,Weekday,0,Cloudy
2024-01-23,9851,Tomatoes,Vegetables,4,135,2024-02-07,45.67,20,213,Weekday,0,Rainy
2024-01-31,2120,Broccoli,Vegetables,47,164,2024-02-04,23.81,20,295,Weekday,0,Rainy
2024-02-19,6513,Apples,Fruits,42,82,2024-03-05,22.71,15,112,Weekday,0,Sunny
2024-01-14,4715,Soda,Beverages,6,51,,25.74,5,193,Weekend,1,Cloudy
2024-02-23,1466,Cheese,Dairy,15,134,2024-03-03,11.73,5,291,Weekday,0,Sunny
2024-02-20,5747,Tea,Beverages,14,86,,36.37,5,482,Weekday,0,Sunny
2024-01-01,3074,Soda,Beverages,25,173,,12.67,15,327,Weekday,1,Cold
2024-02-26,7565,Grapes,Fruits,10,0,2024-03-02,48.53,20,203,Weekday,0,Cold
2024-02-08,2218,Broccoli,Vegetables,38,125,2024-02-22,33.75,20,290,Weekday,0,Rainy
2024-02-13,9613,Soda,Beverages,45,155,,20.27,10,112,Weekday,0,Rainy
2024-02-19,9331,Yogurt,Dairy,1,1,2024-02-24,33.57,10,123,Weekday,0,Cloudy
2024-02-14,6790,Mangoes,Fruits,33,53,2024-02-16,7.17,10,451,Weekday,0,Cold
2024-01-03,8164,Milkshake,Beverages,36,101,,38.7,15,212,Weekday,0,Rainy
2024-02-13,7264,Yogurt,Dairy,14,36,2024-02-17,23.99,0,128,Weekday,0,Cloudy
2024-02-11,5153,Muffin,Bakery,5,120,,23.14,20,122,Weekend,0,Cold
2024-02-16,2528,Bread,Bakery,25,131,,47.88,20,233,Weekday,0,Cloudy
2024-02-02,1663,Grapes,Fruits,32,150,2024-02-15,38.39,20,176,Weekday,0,Cold
2024-01-14,8799,Croissant,Bakery,8,74,,6.45,15,197,Weekend,1,Cold
2024-01-19,7938,Carrots,Vegetables,43,192,2024-01-24,18.28,10,479,Weekday,0,Rainy
2024-02-01,1432,Yogurt,Dairy,13,36,2024-02-03,16.71,20,246,Weekday,1,Cloudy
2024-02-26,9446,Croissant,Bakery,10,69,,26.02,15,392,Weekday,0,Cold
2024-02-02,2319,Cheese,Dairy,43,34,2024-02-03,29.87,10,382,Weekday,0,Cloudy
2024-01-06,4634,Cheese,Dairy,48,58,2024-01-16,28.39,15,304,Weekend,0,Rainy
2024-02-11,5320,Broccoli,Vegetables,37,130,2024-02-13,13.16,0,106,Weekend,0,Cold
2024-02-24,2639,Oranges,Fruits,1,84,2024-02-29,6.55,0,193,Weekend,0,Sunny
2024-02-07,1222,Muffin,Bakery,16,168,,16.18,20,241,Weekday,0,Cloudy
2024-01-06,4397,Bread,Bakery,21,151,,27.56,5,252,Weekend,0,Cold
2024-02-09,4358,Bananas,Fruits,8,34,2024-02-22,40.83,15,224,Weekday,0,Sunny
2024-02-27,9939,Muffin,Bakery,46,161,,49.31,0,222,Weekday,0,Rainy
2024-02-20,5796,Butter,Dairy,8,11,2024-02-21,42.23,5,147,Weekday,0,Cloudy
2024-02-24,2639,Oranges,Fruits,1,84,2024-02-29,6.55,0,193,Weekend,0,Sunny
2024-02-01,3728,Cheese,Dairy,14,21,2024-02-13,40.84,5,463,Weekday,1,Cloudy
2024-01-26,2670,Milk,Dairy,5,102,2024-01-27,30.9,10,470,Weekday,0,Rainy
2024-02-10,7728,Broccoli,Vegetables,12,146,2024-02-21,35.01,15,268,Weekend,0,Cloudy
2024-02-25,8085,Bananas,Fruits,38,63,2024-03-03,48.07,0,361,Weekend,1,Sunny
2024-02-27,4223,Oranges,Fruits,38,170,2024-03-05,48.63,0,314,Weekday,0,Rainy
2024-01-28,3940,Croissant,Bakery,48,144,,47.09,10,189,Weekend,0,Rainy
2024-01-25,8597,Broccoli,Vegetables,45,176,2024-02-07,28.1,5,371,Weekday,0,Sunny
2024-02-14,5892,Grapes,Fruits,43,45,2024-02-22,43.25,20,369,Weekday,1,Sunny
2024-02-05,9395,Juice,Beverages,8,36,,49.97,0,314,Weekday,0,Sunny
2024-01-30,7303,Oranges,Fruits,19,177,2024-02-09,46.22,15,292,Weekday,0,Rainy
2024-02-09,2990,Grapes,Fruits,17,82,2024-02-14,21.01,5,402,Weekday,0,Cloudy
2024-02-13,7082,Croissant,Bakery,24,17,,31.11,0,265,Weekday,0,Cloudy
2024-01-13,9522,Grapes,Fruits,21,152,2024-01-23,16.82,20,311,Weekend,0,Cloudy
2024-02-24,2139,Potatoes,Vegetables,22,8,2024-02-29,26.81,15,116,Weekend,0,Cloudy
2024-01-08,5044,Tomatoes,Vegetables,42,86,2024-01-20,24.3,20,344,Weekday,0,Cloudy
2024-02-19,9774,Milkshake,Beverages,17,64,,34.78,15,265,Weekday,0,Cold
2024-02-25,4147,Spinach,Vegetables,28,118,2024-03-10,34.43,5,119,Weekend,1,Cloudy
2024-02-04,8007,Tea,Beverages,21,90,,44.23,10,336,Weekend,0,Cold
2024-02-24,2652,Yogurt,Dairy,19,33,2024-03-01,17.44,20,125,Weekend,0,Sunny
2024-02-23,8661,Tea,Beverages,36,130,,21.91,10,388,Weekday,0,Cold
2024-02-20,7323,Donut,Bakery,9,155,,26.83,10,241,Weekday,0,Rainy
2024-01-05,4370,Yogurt,Dairy,3,172,2024-01-08,46.66,5,165,Weekday,0,Sunny
2024-02-17,9096,Soda,Beverages,22,91,,44.36,10,164,Weekend,0,Sunny
2024-02-20,1962,Tea,Beverages,30,79,,9.27,5,248,Weekday,0,Cloudy
2024-01-23,3332,Yogurt,Dairy,42,133,2024-01-24,47.43,20,113,Weekday,0,Sunny
2024-02-15,5310,Muffin,Bakery,39,43,,10.53,5,180,Weekday,0,Sunny
2024-01-11,4167,Carrots,Vegetables,39,57,2024-01-22,30.4,10,447,Weekday,0,Cold
2024-01-24,5127,Coffee,Beverages,20,166,,5.13,15,141,Weekday,0,Cloudy
2024-01-22,6086,Butter,Dairy,32,88,2024-01-25,16.15,0,273,Weekday,0,Sunny
2024-01-18,2242,Potatoes,Vegetables,35,50,2024-02-01,38.95,10,260,Weekday,0,Sunny
2024-01-28,5491,Spinach,Vegetables,21,198,2024-02-10,20.74,20,330,Weekend,0,Cloudy
2024-01-18,8239,Bread,Bakery,6,189,,24.97,15,230,Weekday,0,Rainy
2024-01-02,5762,Croissant,Bakery,1,79,,27.28,0,500,Weekday,0,Rainy
2024-01-27,4194,Donut,Bakery,30,175,,25.38,5,290,Weekend,0,Cold
2024-02-26,8532,Carrots,Vegetables,43,82,2024-03-08,18.05,0,266,Weekday,0,Rainy
2024-02-10,7728,Broccoli,Vegetables,12,146,2024-02-21,35.01,15,268,Weekend,0,Cloudy
2024-02-08,1082,Muffin,Bakery,25,80,,35.63,15,207,Weekday,0,Cold
2024-01-23,4371,Apples,Fruits,7,7,2024-02-04,44.3,20,389,Weekday,0,Cloudy
2024-02-08,2931,Carrots,Vegetables,41,109,2024-02-18,44.51,10,342,Weekday,0,Cold
2024-02-20,5386,Mangoes,Fruits,44,0,2024-02-26,49.66,20,342,Weekday,0,Sunny
2024-01-26,5469,Yogurt,Dairy,16,156,2024-02-07,22.11,0,456,Weekday,0,Cold
2024-02-21,2802,Muffin,Bakery,38,111,,39.9,5,478,Weekday,0,Sunny
2024-02-09,4068,Apples,Fruits,40,40,2024-02-15,23.19,5,439,Weekday,0,Rainy
2024-01-17,5287,Tomatoes,Vegetables,6,143,2024-01-29,20.66,20,186,Weekday,0,Rainy
2024-01-13,4501,Coffee,Beverages,13,188,,18.04,20,467,Weekend,0,Rainy
2024-01-25,6091,Potatoes,Vegetables,30,112,2024-01-27,48.91,5,228,Weekday,1,Cloudy
2024-02-14,2190,Milk,Dairy,18,82,2024-02-23,7.68,0,183,Weekday,0,Cloudy
2024-01-08,4279,Broccoli,Vegetables,14,98,2024-01-12,18.68,10,325,Weekday,0,Rainy
2024-02-12,1724,Bread,Bakery,24,102,,29.39,10,181,Weekday,0,Sunny
2024-02-04,2559,Butter,Dairy,20,96,2024-02-09,20.94,15,208,Weekend,0,Sunny
2024-01-19,8936,Milk,Dairy,2,14,2024-01-23,42.19,10,100,Weekday,0,Cold
2024-02-17,1771,Donut,Bakery,1,176,,17.73,15,304,Weekend,0,Cold
2024-02-04,4131,Oranges,Fruits,48,24,2024-02-06,5.96,20,342,Weekend,0,Sunny
2024-02-29,2473,Tomatoes,Vegetables,1,133,2024-03-14,42.37,10,170,Weekday,0,Cold
2024-02-23,7546,Cheese,Dairy,36,26,2024-03-03,15.75,10,410,Weekday,0,Cloudy
2024-01-15,3587,Carrots,Vegetables,24,124,2024-01-22,35.06,0,212,Weekday,0,Rainy
2024-01-20,4823,Donut,Bakery,15,177,,11.79,20,371,Weekend,0,Rainy
2024-01-01,9255,Spinach,Vegetables,33,31,2024-01-04,21.69,10,406,Weekday,0,Rainy
2024-01-25,5194,Milkshake,Beverages,4,85,,14.26,15,120,Weekday,0,Sunny
2024-02-07,7449,Cheese,Dairy,49,105,2024-02-16,34.06,10,142,Weekday,0,Rainy
2024-01-02,5271,Milkshake,Beverages,43,97,,15.95,0,418,Weekday,0,Cloudy
2024-02-06,1105,Grapes,Fruits,32,87,2024-02-21,13.75,10,305,Weekday,0,Sunny
2024-02-12,8844,Mangoes,Fruits,5,172,2024-02-21,15.42,20,418,Weekday,0,Sunny
2024-01-05,9061,Carrots,Vegetables,22,30,2024-01-12,22.03,15,188,Weekday,0,Cloudy
2024-02-08,8546,Coffee,Beverages,49,114,,12.32,10,312,Weekday,0,Cold
2024-01-31,3274,Grapes,Fruits,22,77,2024-02-01,36.59,15,100,Weekday,0,Rainy
2024-02-18,4246,Spinach,Vegetables,39,3,2024-02-24,20.74,5,114,Weekend,0,Rainy
2024-02-21,9008,Croissant,Bakery,40,89,,24.79,10,284,Weekday,0,Cold
2024-01-21,8208,Apples,Fruits,16,143,2024-01-29,14.75,10,317,Weekend,0,Cold
2024-01-06,3042,Donut,Bakery,9,80,,36.85,5,218,Weekend,0,Sunny
2024-01-31,2226,Milk,Dairy,22,185,2024-02-12,28.14,5,403,Weekday,0,Cold
2024-02-11,6403,Soda,Beverages,45,145,,18.72,15,105,Weekend,0,Rainy
2024-02-24,9088,Muffin,Bakery,26,39,,9.44,15,315,Weekend,0,Rainy
2024-01-21,4906,Juice,Beverages,41,36,,44.13,10,499,Weekend,0,Cold
2024-02-06,6641,Muffin,Bakery,19,63,,14.47,5,225,Weekday,0,Sunny
2024-02-21,3254,Milkshake,Beverages,17,29,,11.84,10,252,Weekday,0,Cold
2024-02-08,6393,Croissant,Bakery,38,143,,5.96,20,287,Weekday,0,Cloudy
2024-02-03,2669,Mangoes,Fruits,44,143,2024-02-08,6.76,20,119,Weekend,0,Rainy
2024-01-23,8788,Bread,Bakery,28,51,,34.12,5,288,Weekday,0,Rainy
2024-02-15,3597,Cheese,Dairy,16,132,2024-02-23,14.8,0,203,Weekday,0,Cold
2024-01-10,3688,Apples,Fruits,7,159,2024-01-16,18.68,15,453,Weekday,0,Cold
2024-02-06,5533,Donut,Bakery,29,193,,22.84,5,124,Weekday,0,Sunny
2024-02-26,8900,Potatoes,Vegetables,23,131,2024-03-04,49.25,20,388,Weekday,0,Cold
2024-02-18,3428,Tea,Beverages,38,180,,47.16,5,277,Weekend,0,Rainy
2024-02-20,7323,Donut,Bakery,9,155,,26.83,10,241,Weekday,0,Rainy
2024-01-05,6594,Mangoes,Fruits,18,133,2024-01-09,43.06,5,315,Weekday,0,Cold
2024-02-03,2000,Grapes,Fruits,39,20,2024-02-06,19.21,20,226,Weekend,0,Cloudy
2024-01-02,9504,Donut,Bakery,3,127,,8.0,10,289,Weekday,0,Cloudy
2024-01-14,4120,Carrots,Vegetables,29,50,2024-01-16,28.8,5,155,Weekend,1,Cold
2024-01-11,4339,Butter,Dairy,42,36,2024-01-15,28.75,15,250,Weekday,0,Rainy
2024-02-13,7264,Yogurt,Dairy,14,36,2024-02-17,23.99,0,128,Weekday,0,Cloudy
2024-02-13,9018,Muffin,Bakery,43,178,,39.51,20,301,Weekday,0,Cold
2024-01-04,7000,Yogurt,Dairy,15,160,2024-01-14,49.94,5,138,Weekday,0,Cold
2024-01-30,4422,Butter,Dairy,14,190,2024-02-02,43.65,20,184,Weekday,0,Sunny
2024-02-06,6641,Muffin,Bakery,19,63,,14.47,5,225,Weekday,0,Sunny
2024-01-20,4823,Donut,Bakery,15,177,,11.79,20,371,Weekend,0,Rainy
2024-02-04,3418,Yogurt,Dairy,40,66,2024-02-17,24.65,0,389,Weekend,0,Sunny
2024-02-22,1588,Muffin,Bakery,45,146,,30.73,10,440,Weekday,0,Cold
2024-01-09,8735,Apples,Fruits,2,44,2024-01-23,5.4,15,136,Weekday,0,Cold
2024-01-20,2870,Milkshake,Beverages,24,16,,44.68,0,152,Weekend,0,Rainy
2024-01-23,7506,Oranges,Fruits,13,23,2024-01-30,23.61,15,115,Weekday,0,Sunny
2024-01-04,7798,Milkshake,Beverages,29,89,,20.63,5,314,Weekday,0,Cold
2024-01-14,6638,Tomatoes,Vegetables,3,164,2024-01-25,6.39,15,411,Weekend,0,Sunny
2024-01-23,4420,Donut,Bakery,50,62,,38.83,15,351,Weekday,0,Sunny
2024-02-05,9236,Cheese,Dairy,11,0,2024-02-16,42.54,15,148,Weekday,0,Sunny
2024-02-06,1080,Yogurt,Dairy,6,73,2024-02-09,22.06,0,448,Weekday,0,Cloudy
2024-02-12,5720,Bread,Bakery,16,150,,7.5,10,364,Weekday,0,Cloudy
2024-01-08,4624,Bananas,Fruits,9,13,2024-01-19,44.6,20,185,Weekday,0,Rainy
2024-02-14,5930,Milk,Dairy,21,16,2024-02-21,17.28,15,121,Weekday,1,Sunny
2024-02-24,2652,Yogurt,Dairy,19,33,2024-03-01,17.44,20,125,Weekend,0,Sunny
2024-02-26,8900,Potatoes,Vegetables,23,131,2024-03-04,49.25,20,388,Weekday,0,Cold
2024-01-20,2870,Milkshake,Beverages,24,16,,44.68,0,152,Weekend,0,Rainy
2024-02-22,8448,Spinach,Vegetables,27,94,2024-02-27,34.64,5,258,Weekday,0,Rainy
2024-02-17,8094,Butter,Dairy,8,163,2024-02-29,13.28,10,491,Weekend,0,Sunny
2024-02-14,5392,Soda,Beverages,50,177,,49.3,20,441,Weekday,1,Rainy
2024-02-28,4866,Mangoes,Fruits,6,196,2024-03-08,19.75,15,195,Weekday,0,Cloudy
2024-02-28,2558,Carrots,Vegetables,43,74,2024-03-13,13.19,20,489,Weekday,0,Sunny
2024-01-29,2778,Donut,Bakery,17,93,,8.15,15,341,Weekday,0,Cloudy
2024-02-23,9308,Yogurt,Dairy,48,114,2024-03-09,24.72,10,166,Weekday,0,Cloudy
2024-01-06,1552,Carrots,Vegetables,13,133,2024-01-15,38.3,5,386,Weekend,0,Rainy
2024-02-23,9857,Croissant,Bakery,50,175,,9.47,15,373,Weekday,0,Cold
2024-02-16,3038,Muffin,Bakery,14,182,,22.83,15,113,Weekday,0,Cloudy
2024-01-20,6613,Donut,Bakery,21,150,,44.5,0,416,Weekend,0,Cold
2024-02-01,3728,Cheese,Dairy,14,21,2024-02-13,40.84,5,463,Weekday,1,Cloudy
2024-02-27,7168,Soda,Beverages,19,109,,28.96,0,306,Weekday,0,Rainy
2024-02-29,3341,Tea,Beverages,31,140,,41.6,10,376,Weekday,0,Cold
2024-02-06,7130,Cheese,Dairy,39,17,2024-02-07,25.71,20,243,Weekday,0,Sunny
2024-01-12,4127,Cheese,Dairy,5,95,2024-01-21,34.02,5,239,Weekday,0,Rainy
2024-02-02,9604,Milkshake,Beverages,26,136,,43.85,5,152,Weekday,0,Cold
2024-02-07,1505,Croissant,Bakery,3,120,,42.87,0,121,Weekday,0,Rainy
2024-01-30,5787,Tea,Beverages,46,0,,39.48,15,306,Weekday,0,Cloudy
2024-02-21,9161,Juice,Beverages,37,40,,12.48,20,295,Weekday,0,Cloudy
2024-02-24,3168,Tea,Beverages,39,199,,48.23,10,447,Weekend,0,Rainy
2024-02-17,8439,Milkshake,Beverages,48,87,,11.43,5,396,Weekend,0,Cloudy
2024-01-25,8691,Carrots,Vegetables,10,59,2024-02-03,32.24,15,305,Weekday,0,Cloudy
2024-02-15,5842,Coffee,Beverages,39,76,,40.03,20,319,Weekday,0,Cold
2024-02-29,1071,Yogurt,Dairy,28,96,2024-03-07,33.9,20,376,Weekday,0,Rainy
2024-02-29,2473,Tomatoes,Vegetables,1,133,2024-03-14,42.37,10,170,Weekday,0,Cold
2024-01-09,3725,Butter,Dairy,13,132,2024-01-14,40.27,15,249,Weekday,0,Cloudy
2024-02-17,3218,Carrots,Vegetables,30,134,2024-03-02,41.84,0,286,Weekend,0,Rainy
2024-02-09,8836,Carrots,Vegetables,10,43,2024-02-16,25.37,5,382,Weekday,0,Rainy
2024-02-01,3728,Cheese,Dairy,14,21,2024-02-13,40.84,5,463,Weekday,1,Cloudy
2024-01-02,9731,Tomatoes,Vegetables,28,102,2024-01-13,43.15,5,418,Weekday,0,Sunny
2024-02-29,6173,Carrots,Vegetables,21,31,2024-03-07,17.06,5,298,Weekday,0,Cold
2024-01-17,2155,Soda,Beverages,49,32,,33.45,20,395,Weekday,0,Sunny
2024-01-25,2451,Donut,Bakery,6,53,,32.64,5,407,Weekday,0,Cold
2024-01-26,9597,Tomatoes,Vegetables,48,173,2024-02-07,24.7,15,426,Weekday,0,Cloudy
2024-01-11,4339,Butter,Dairy,42,36,2024-01-15,28.75,15,250,Weekday,0,Rainy
2024-02-27,1817,Coffee,Beverages,16,135,,46.9,5,259,Weekday,0,Cloudy
2024-02-24,3879,Tomatoes,Vegetables,14,94,2024-02-28,11.45,5,396,Weekend,0,Rainy
2024-01-23,7506,Oranges,Fruits,13,23,2024-01-30,23.61,15,115,Weekday,0,Sunny
2024-02-13,4960,Grapes,Fruits,32,75,2024-02-21,15.46,5,480,Weekday,0,Cloudy
2024-01-09,8672,Carrots,Vegetables,42,49,2024-01-21,44.77,0,183,Weekday,0,Cold
2024-01-05,5718,Croissant,Bakery,45,5,,35.45,20,410,Weekday,0,Sunny
2024-02-05,4864,Tomatoes,Vegetables,24,126,2024-02-07,35.14,15,403,Weekday,0,Sunny
2024-01-02,7625,Milk,Dairy,10,41,2024-01-07,14.2,10,248,Weekday,0,Cold
2024-02-27,8669,Coffee,Beverages,32,93,,27.55,15,377,Weekday,0,Rainy
2024-01-09,3851,Coffee,Beverages,16,102,,29.67,10,376,Weekday,0,Cloudy
2024-02-02,6266,Soda,Beverages,3,186,,8.01,5,161,Weekday,0,Sunny
2024-02-07,7449,Cheese,Dairy,49,105,2024-02-16,34.06,10,142,Weekday,0,Rainy
2024-02-24,2639,Oranges,Fruits,1,84,2024-02-29,6.55,0,193,Weekend,0,Sunny
2024-01-24,9338,Soda,Beverages,43,49,,46.09,10,119,Weekday,0,Sunny
2024-01-23,2656,Carrots,Vegetables,36,183,2024-01-31,45.8,15,200,Weekday,0,Cloudy
2024-02-11,2046,Butter,Dairy,24,144,2024-02-22,9.17,0,331,Weekend,0,Rainy
2024-02-14,2105,Apples,Fruits,10,44,2024-02-27,11.92,20,202,Weekday,0,Cloudy
2024-02-21,6298,Cheese,Dairy,44,69,2024-03-06,40.43,15,290,Weekday,0,Sunny
2024-01-20,1920,Cheese,Dairy,20,200,2024-01-29,33.56,10,392,Weekend,0,Cold
2024-01-18,5214,Mangoes,Fruits,25,175,2024-01-20,45.35,0,499,Weekday,0,Cold
2024-01-10,8401,Bananas,Fruits,11,12,2024-01-21,49.98,5,110,Weekday,0,Sunny
2024-01-26,3627,Milkshake,Beverages,44,171,,22.03,5,371,Weekday,0,Cold
2024-02-11,6276,Mangoes,Fruits,12,42,2024-02-20,37.33,15,320,Weekend,0,Rainy
2024-02-16,1361,Cheese,Dairy,33,92,2024-02-22,26.39,15,434,Weekday,0,Rainy
2024-02-16,8658,Broccoli,Vegetables,11,123,2024-03-01,29.89,20,474,Weekday,0,Cloudy
2024-02-27,7463,Butter,Dairy,37,80,2024-03-06,38.14,20,112,Weekday,0,Sunny
2024-01-07,3285,Grapes,Fruits,20,140,2024-01-09,7.24,15,404,Weekend,0,Sunny
2024-01-03,9866,Grapes,Fruits,26,92,2024-01-12,28.12,15,121,Weekday,0,Cloudy
2024-02-04,2239,Tomatoes,Vegetables,39,125,2024-02-06,6.64,10,109,Weekend,0,Cloudy
2024-02-03,6561,Potatoes,Vegetables,32,170,2024-02-06,39.23,10,420,Weekend,0,Rainy
2024-01-09,3851,Coffee,Beverages,16,102,,29.67,10,376,Weekday,0,Cloudy
2024-02-10,3960,Spinach,Vegetables,18,191,2024-02-23,43.5,5,150,Weekend,0,Sunny
2024-02-28,2476,Muffin,Bakery,34,125,,44.35,10,403,Weekday,0,Sunny
2024-01-04,9112,Donut,Bakery,27,99,,33.56,0,318,Weekday,0,Cloudy
2024-02-14,9073,Mangoes,Fruits,21,199,2024-02-15,13.19,5,194,Weekday,1,Rainy
2024-01-11,6578,Apples,Fruits,8,62,2024-01-26,13.31,5,463,Weekday,0,Cloudy
2024-02-08,5163,Yogurt,Dairy,40,89,2024-02-23,9.93,20,340,Weekday,0,Cloudy
2024-01-03,8164,Milkshake,Beverages,36,101,,38.7,15,212,Weekday,0,Rainy
2024-02-28,8182,Muffin,Bakery,40,135,,27.18,20,344,Weekday,0,Sunny
2024-02-02,1663,Grapes,Fruits,32,150,2024-02-15,38.39,20,176,Weekday,0,Cold
2024-01-24,7984,Broccoli,Vegetables,45,140,2024-02-07,37.05,20,306,Weekday,0,Rainy
2024-02-18,5425,Milkshake,Beverages,3,187,,17.43,10,413,Weekend,0,Cold
2024-02-21,3625,Grapes,Fruits,36,64,2024-02-26,7.94,15,466,Weekday,0,Cold
2024-02-06,4952,Oranges,Fruits,7,183,2024-02-15,8.02,15,301,Weekday,0,Rainy
2024-02-09,6572,Apples,Fruits,12,145,2024-02-22,41.31,10,200,Weekday,0,Cloudy
2024-02-18,2793,Butter,Dairy,11,105,2024-02-22,22.81,0,133,Weekend,0,Cloudy
2024-01-18,2308,Donut,Bakery,6,76,,36.59,0,261,Weekday,0,Rainy
2024-02-18,9836,Soda,Beverages,29,112,,35.08,10,432,Weekend,0,Rainy
2024-02-03,6447,Apples,Fruits,42,56,2024-02-13,23.37,10,452,Weekend,0,Sunny
2024-01-19,8865,Oranges,Fruits,22,15,2024-01-25,12.66,20,319,Weekday,0,Sunny
2024-02-21,8080,Broccoli,Vegetables,42,3,2024-03-04,34.37,20,343,Weekday,0,Rainy
2024-02-27,6938,Cheese,Dairy,18,48,2024-03-01,33.79,15,147,Weekday,0,Cloudy
2024-02-03,2669,Mangoes,Fruits,44,143,2024-02-08,6.76,20,119,Weekend,0,Rainy
2024-01-05,9061,Carrots,Vegetables,22,30,2024-01-12,22.03,15,188,Weekday,0,Cloudy
2024-02-04,9485,Muffin,Bakery,10,150,,36.28,10,439,Weekend,0,Sunny
2024-01-27,7961,Grapes,Fruits,11,166,2024-02-03,38.06,5,420,Weekend,0,Cloudy
2024-02-06,8975,Bread,Bakery,49,7,,47.16,5,214,Weekday,0,Cloudy
2024-02-13,6144,Donut,Bakery,11,32,,7.25,20,103,Weekday,0,Cold
2024-01-03,6919,Apples,Fruits,37,24,2024-01-11,38.88,20,403,Weekday,0,Cold
2024-02-06,1235,Bread,Bakery,7,19,,7.48,15,324,Weekday,0,Rainy
2024-01-26,2620,Coffee,Beverages,32,178,,23.1,0,314,Weekday,0,Cold
2024-02-17,2394,Spinach,Vegetables,49,83,2024-02-20,8.72,15,154,Weekend,0,Rainy
2024-02-28,3899,Croissant,Bakery,43,31,,35.22,10,396,Weekday,0,Rainy
2024-02-16,1361,Cheese,Dairy,33,92,2024-02-22,26.39,15,434,Weekday,0,Rainy
2024-01-24,2280,Broccoli,Vegetables,16,59,2024-02-07,37.58,15,449,Weekday,0,Rainy
2024-02-06,8975,Bread,Bakery,49,7,,47.16,5,214,Weekday,0,Cloudy
2024-02-07,1839,Milk,Dairy,6,74,2024-02-08,27.6,5,160,Weekday,0,Sunny
2024-02-16,5613,Donut,Bakery,44,132,,33.28,5,432,Weekday,0,Rainy
2024-02-15,4552,Coffee,Beverages,40,186,,9.49,15,425,Weekday,0,Cold
2024-01-20,6881,Tea,Beverages,45,17,,33.94,10,325,Weekend,0,Rainy
2024-02-14,7790,Broccoli,Vegetables,6,51,2024-02-22,28.41,5,255,Weekday,0,Rainy
2024-01-13,9250,Cheese,Dairy,21,197,2024-01-23,37.96,20,427,Weekend,0,Cold
2024-02-05,4293,Muffin,Bakery,34,167,,14.51,10,121,Weekday,0,Sunny
2024-01-23,2967,Croissant,Bakery,41,22,,17.38,10,248,Weekday,0,Cold
2024-01-01,6821,Croissant,Bakery,33,181,,34.66,15,420,Weekday,0,Sunny
2024-02-11,6276,Mangoes,Fruits,12,42,2024-02-20,37.33,15,320,Weekend,0,Rainy
2024-02-09,6788,Butter,Dairy,26,131,2024-02-20,28.32,5,312,Weekday,0,Cloudy
2024-02-13,9613,Soda,Beverages,45,155,,20.27,10,112,Weekday,0,Rainy
2024-02-21,9922,Yogurt,Dairy,26,113,2024-02-25,47.59,10,334,Weekday,0,Cold
2024-02-27,8803,Cheese,Dairy,25,142,2024-03-12,16.18,10,450,Weekday,0,Rainy
2024-02-20,5386,Mangoes,Fruits,44,0,2024-02-26,49.66,20,342,Weekday,0,Sunny
2024-01-19,5788,Grapes,Fruits,19,47,2024-01-30,39.0,5,385,Weekday,0,Sunny
2024-02-24,7424,Milkshake,Beverages,31,59,,9.09,5,323,Weekend,0,Cloudy
2024-01-08,9400,Tomatoes,Vegetables,41,66,2024-01-12,48.69,20,192,Weekday,0,Cold
2024-01-12,6460,Butter,Dairy,23,166,2024-01-24,15.49,10,470,Weekday,0,Rainy
2024-01-09,8735,Apples,Fruits,2,44,2024-01-23,5.4,15,136,Weekday,0,Cold
2024-02-12,3787,Soda,Beverages,16,107,,47.2,10,488,Weekday,0,Rainy
2024-01-04,9020,Apples,Fruits,42,132,2024-01-10,22.31,5,297,Weekday,0,Cold
2024-02-11,4872,Carrots,Vegetables,5,185,2024-02-25,40.47,0,158,Weekend,0,Cold
2024-02-09,8836,Carrots,Vegetables,10,43,2024-02-16,25.37,5,382,Weekday,0,Rainy
2024-02-04,5994,Bread,Bakery,47,135,,9.9,20,365,Weekend,0,Rainy
2024-01-06,6339,Bananas,Fruits,26,82,2024-01-16,45.15,20,334,Weekend,0,Sunny
2024-02-26,8900,Potatoes,Vegetables,23,131,2024-03-04,49.25,20,388,Weekday,0,Cold
2024-01-26,9597,Tomatoes,Vegetables,48,173,2024-02-07,24.7,15,426,Weekday,0,Cloudy
2024-01-20,8222,Croissant,Bakery,50,104,,30.8,10,443,Weekend,0,Rainy
2024-01-21,7725,Coffee,Beverages,4,71,,43.16,5,403,Weekend,0,Cold
2024-02-11,5153,Muffin,Bakery,5,120,,23.14,20,122,Weekend,0,Cold
2024-01-26,2588,Carrots,Vegetables,19,40,2024-02-03,11.61,10,250,Weekday,0,Cold
2024-01-24,9338,Soda,Beverages,43,49,,46.09,10,119,Weekday,0,Sunny
2024-02-05,4293,Muffin,Bakery,34,167,,14.51,10,121,Weekday,0,Sunny
2024-02-08,8929,Potatoes,Vegetables,12,124,2024-02-18,43.32,20,244,Weekday,0,Cold
2024-02-22,4230,Apples,Fruits,2,108,2024-03-05,41.87,0,340,Weekday,0,Cloudy
2024-02-19,9774,Milkshake,Beverages,17,64,,34.78,15,265,Weekday,0,Cold
2024-02-03,4002,Milk,Dairy,30,0,2024-02-05,33.07,15,453,Weekend,0,Cloudy
2024-02-05,4864,Tomatoes,Vegetables,24,126,2024-02-07,35.14,15,403,Weekday,0,Sunny
2024-01-05,5013,Yogurt,Dairy,33,101,2024-01-07,41.93,0,273,Weekday,0,Sunny
2024-02-28,3899,Croissant,Bakery,43,31,,35.22,10,396,Weekday,0,Rainy
2024-02-25,3152,Muffin,Bakery,10,44,,44.8,10,263,Weekend,1,Cloudy
2024-02-25,1537,Oranges,Fruits,16,124,2024-03-03,21.03,5,162,Weekend,0,Cold
2024-01-23,8788,Bread,Bakery,28,51,,34.12,5,288,Weekday,0,Rainy
2024-01-01,8792,Cheese,Dairy,34,72,2024-01-12,5.93,0,109,Weekday,1,Cold
2024-01-03,2685,Muffin,Bakery,9,85,,35.58,5,405,Weekday,0,Cold
2024-02-04,2239,Tomatoes,Vegetables,39,125,2024-02-06,6.64,10,109,Weekend,0,Cloudy
2024-02-05,9475,Potatoes,Vegetables,40,131,2024-02-14,5.49,15,149,Weekday,0,Sunny
2024-01-23,7845,Juice,Beverages,50,167,,22.12,10,358,Weekday,0,Cloudy
2024-02-14,4551,Milk,Dairy,36,30,2024-02-23,28.54,20,296,Weekday,1,Cloudy
2024-01-25,8597,Broccoli,Vegetables,45,176,2024-02-07,28.1,5,371,Weekday,0,Sunny
2024-01-02,5085,Mangoes,Fruits,20,137,2024-01-04,34.79,0,159,Weekday,0,Rainy
2024-01-05,6633,Tomatoes,Vegetables,35,103,2024-01-09,7.23,15,381,Weekday,0,Cold
2024-02-24,4573,Broccoli,Vegetables,26,26,2024-03-04,20.33,5,493,Weekend,0,Sunny
2024-01-08,5044,Tomatoes,Vegetables,42,86,2024-01-20,24.3,20,344,Weekday,0,Cloudy
2024-01-13,3348,Milk,Dairy,12,71,2024-01-21,10.73,0,306,Weekend,0,Rainy
2024-02-03,1758,Muffin,Bakery,13,188,,41.26,15,376,Weekend,0,Cloudy
2024-01-22,6263,Milk,Dairy,31,154,2024-02-04,35.79,10,175,Weekday,0,Cloudy
2024-01-06,4539,Oranges,Fruits,37,92,2024-01-15,14.0,0,211,Weekend,0,Rainy
2024-02-08,8929,Potatoes,Vegetables,12,124,2024-02-18,43.32,20,244,Weekday,0,Cold
2024-01-14,4798,Milkshake,Beverages,13,30,,30.23,15,109,Weekend,0,Rainy
2024-02-23,5611,Donut,Bakery,25,152,,18.34,15,346,Weekday,0,Cold
2024-01-12,9144,Milkshake,Beverages,16,44,,17.59,0,348,Weekday,0,Sunny
2024-01-20,5575,Yogurt,Dairy,21,38,2024-01-27,42.67,15,414,Weekend,0,Rainy
2024-02-19,6942,Tomatoes,Vegetables,45,20,2024-03-01,34.56,5,212,Weekday,0,Rainy
2024-02-08,6323,Bananas,Fruits,2,4,2024-02-15,21.94,10,298,Weekday,0,Rainy
2024-01-21,4718,Bread,Bakery,24,11,,21.96,5,185,Weekend,0,Rainy
2024-02-01,5652,Potatoes,Vegetables,42,156,2024-02-13,48.53,5,330,Weekday,0,Rainy
2024-02-08,6755,Yogurt,Dairy,44,29,2024-02-19,36.98,0,380,Weekday,0,Rainy
2024-02-15,5623,Coffee,Beverages,44,160,,12.17,15,380,Weekday,0,Rainy
2024-02-12,3787,Soda,Beverages,16,107,,47.2,10,488,Weekday,0,Rainy
2024-01-29,8808,Croissant,Bakery,21,44,,27.32,5,227,Weekday,0,Cloudy
2024-01-04,8897,Mangoes,Fruits,44,133,2024-01-19,33.71,10,328,Weekday,0,Sunny
2024-01-22,3600,Muffin,Bakery,35,146,,38.91,20,306,Weekday,0,Rainy
2024-01-06,6213,Bananas,Fruits,38,2,2024-01-20,44.89,15,484,Weekend,0,Cold
2024-02-08,5163,Yogurt,Dairy,40,89,2024-02-23,9.93,20,340,Weekday,0,Cloudy
2024-02-06,1564,Coffee,Beverages,1,168,,28.43,10,180,Weekday,0,Cloudy
2024-02-10,4884,Tea,Beverages,18,192,,46.44,15,172,Weekend,0,Cold
2024-01-05,6027,Spinach,Vegetables,10,65,2024-01-10,46.3,20,368,Weekday,0,Cloudy
2024-02-09,6788,Butter,Dairy,26,131,2024-02-20,28.32,5,312,Weekday,0,Cloudy
2024-02-12,2873,Apples,Fruits,8,26,2024-02-20,17.19,20,412,Weekday,0,Sunny
2024-01-22,3600,Muffin,Bakery,35,146,,38.91,20,306,Weekday,0,Rainy
2024-01-23,2268,Tea,Beverages,1,21,,32.4,0,162,Weekday,0,Cold
2024-01-13,2121,Milk,Dairy,30,29,2024-01-15,45.62,0,447,Weekend,0,Rainy
2024-01-09,5699,Yogurt,Dairy,5,176,2024-01-19,26.77,0,261,Weekday,0,Cold
2024-02-19,9601,Bananas,Fruits,37,81,2024-02-20,43.15,10,484,Weekday,0,Cold
2024-02-20,9228,Carrots,Vegetables,39,22,2024-02-27,7.89,20,480,Weekday,0,Rainy
2024-01-28,4830,Coffee,Beverages,41,112,,30.07,10,443,Weekend,0,Sunny
2024-02-07,2783,Spinach,Vegetables,2,126,2024-02-18,47.04,20,241,Weekday,0,Cold
2024-02-26,9446,Croissant,Bakery,10,69,,26.02,15,392,Weekday,0,Cold
2024-01-05,2837,Coffee,Beverages,23,147,,20.18,20,393,Weekday,0,Rainy
2024-01-07,7564,Potatoes,Vegetables,25,1,2024-01-22,47.94,0,305,Weekend,0,Rainy
2024-02-09,4350,Potatoes,Vegetables,48,164,2024-02-12,26.91,10,294,Weekday,0,Sunny
2024-02-14,1359,Milk,Dairy,6,97,2024-02-16,18.99,20,290,Weekday,1,Rainy
2024-01-07,6794,Potatoes,Vegetables,40,40,2024-01-20,18.71,0,116,Weekend,0,Cloudy
2024-01-10,7763,Potatoes,Vegetables,37,163,2024-01-16,37.19,0,421,Weekday,0,Rainy
2024-02-09,9042,Oranges,Fruits,18,188,2024-02-22,13.05,20,268,Weekday,0,Rainy
2024-02-19,9601,Bananas,Fruits,37,81,2024-02-20,43.15,10,484,Weekday,0,Cold
2024-01-04,1125,Butter,Dairy,3,57,2024-01-13,35.62,20,193,Weekday,0,Cold
2024-01-28,7446,Butter,Dairy,12,120,2024-02-04,13.2,10,363,Weekend,0,Cloudy
2024-01-03,4958,Soda,Beverages,39,6,,12.19,10,315,Weekday,0,Cold
2024-01-11,1662,Croissant,Bakery,34,22,,19.83,5,259,Weekday,0,Sunny
2024-01-07,6687,Croissant,Bakery,39,6,,26.06,20,106,Weekend,0,Rainy
2024-01-03,7416,Tomatoes,Vegetables,1,141,2024-01-14,27.82,10,347,Weekday,0,Cloudy
2024-01-06,4912,Bread,Bakery,16,157,,7.49,10,272,Weekend,0,Cold
2024-02-08,6393,Croissant,Bakery,38,143,,5.96,20,287,Weekday,0,Cloudy
2024-02-12,3674,Cheese,Dairy,16,140,2024-02-25,43.54,10,175,Weekday,0,Rainy
2024-01-05,6633,Tomatoes,Vegetables,35,103,2024-01-09,7.23,15,381,Weekday,0,Cold
2024-02-14,1359,Milk,Dairy,6,97,2024-02-16,18.99,20,290,Weekday,1,Rainy
2024-01-18,5656,Milkshake,Beverages,27,110,,23.72,15,278,Weekday,0,Rainy
2024-02-14,1359,Milk,Dairy,6,97,2024-02-16,18.99,20,290,Weekday,1,Rainy
2024-01-15,6541,Croissant,Bakery,28,8,,40.75,10,321,Weekday,0,Cloudy
2024-02-03,4369,Milk,Dairy,18,119,2024-02-10,23.97,20,193,Weekend,0,Rainy
2024-01-05,4787,Juice,Beverages,23,190,,38.08,5,453,Weekday,0,Cold
2024-02-03,6561,Potatoes,Vegetables,32,170,2024-02-06,39.23,10,420,Weekend,0,Rainy
2024-01-04,6630,Muffin,Bakery,8,17,,29.64,5,129,Weekday,0,Cold
2024-02-01,3728,Cheese,Dairy,14,21,2024-02-13,40.84,5,463,Weekday,1,Cloudy
2024-02-23,1745,Tea,Beverages,7,50,,17.1,0,120,Weekday,0,Cold
2024-02-21,9922,Yogurt,Dairy,26,113,2024-02-25,47.59,10,334,Weekday,0,Cold
2024-01-31,3678,Oranges,Fruits,34,5,2024-02-02,34.37,5,246,Weekday,0,Sunny
2024-02-04,2498,Donut,Bakery,4,69,,10.93,0,215,Weekend,0,Cloudy
2024-01-27,1031,Mangoes,Fruits,6,199,2024-01-30,14.35,5,107,Weekend,0,Cold
2024-02-11,6882,Bread,Bakery,5,119,,9.87,5,169,Weekend,0,Cold
2024-02-02,6020,Tomatoes,Vegetables,17,122,2024-02-06,10.54,10,186,Weekday,0,Cloudy
2024-01-12,2777,Grapes,Fruits,11,124,2024-01-26,30.81,5,433,Weekday,0,Rainy
2024-01-27,7558,Soda,Beverages,47,106,,46.92,5,119,Weekend,0,Sunny
2024-01-18,8613,Bananas,Fruits,6,163,2024-01-19,22.64,5,479,Weekday,0,Cloudy
2024-02-23,4277,Grapes,Fruits,29,117,2024-02-27,38.06,10,242,Weekday,0,Cloudy
2024-01-28,7446,Butter,Dairy,12,120,2024-02-04,13.2,10,363,Weekend,0,Cloudy
2024-02-25,1537,Oranges,Fruits,16,124,2024-03-03,21.03,5,162,Weekend,0,Cold
2024-02-24,6062,Bread,Bakery,9,157,,27.29,20,343,Weekend,0,Cloudy
2024-02-09,5547,Cheese,Dairy,39,76,2024-02-16,13.91,20,446,Weekday,0,Cold
2024-01-13,2121,Milk,Dairy,30,29,2024-01-15,45.62,0,447,Weekend,0,Rainy
2024-01-03,8164,Milkshake,Beverages,36,101,,38.7,15,212,Weekday,0,Rainy
2024-02-27,3961,Juice,Beverages,44,200,,6.65,0,419,Weekday,0,Cold
2024-01-11,8237,Apples,Fruits,50,3,2024-01-25,33.61,15,243,Weekday,0,Cold
2024-01-12,1689,Bread,Bakery,45,44,,33.92,15,487,Weekday,0,Cold
2024-02-23,5646,Cheese,Dairy,23,54,2024-03-08,36.33,20,258,Weekday,0,Rainy
2024-01-18,2724,Potatoes,Vegetables,19,81,2024-01-29,27.35,10,390,Weekday,0,Sunny
2024-01-06,7698,Bananas,Fruits,6,75,2024-01-15,32.45,10,123,Weekend,0,Rainy
2024-02-11,5320,Broccoli,Vegetables,37,130,2024-02-13,13.16,0,106,Weekend,0,Cold
2024-01-03,9654,Bread,Bakery,26,39,,49.58,0,322,Weekday,0,Sunny
2024-01-17,4967,Cheese,Dairy,41,104,2024-01-25,7.18,5,211,Weekday,0,Cold
2024-02-22,9355,Oranges,Fruits,16,145,2024-03-05,17.55,0,368,Weekday,0,Sunny
2024-02-10,1093,Carrots,Vegetables,7,188,2024-02-12,40.95,20,443,Weekend,0,Cloudy
2024-01-01,3192,Oranges,Fruits,13,169,2024-01-14,11.27,15,327,Weekday,1,Sunny
2024-02-01,9269,Cheese,Dairy,2,168,2024-02-07,5.78,5,206,Weekday,1,Rainy
2024-02-05,9972,Oranges,Fruits,12,125,2024-02-10,23.54,20,253,Weekday,0,Cloudy
2024-01-16,3637,Soda,Beverages,27,22,,14.72,5,310,Weekday,0,Rainy
2024-02-01,7235,Yogurt,Dairy,12,14,2024-02-04,31.32,15,431,Weekday,1,Cloudy
2024-01-03,9113,Cheese,Dairy,34,171,2024-01-13,6.11,20,465,Weekday,0,Cold
2024-02-06,6378,Yogurt,Dairy,24,198,2024-02-12,14.99,20,182,Weekday,0,Cloudy
2024-01-27,7274,Tomatoes,Vegetables,24,136,2024-02-05,40.69,5,379,Weekend,0,Rainy
2024-01-24,5127,Coffee,Beverages,20,166,,5.13,15,141,Weekday,0,Cloudy
2024-01-02,3684,Coffee,Beverages,31,139,,42.42,5,434,Weekday,0,Cloudy
2024-01-04,3700,Oranges,Fruits,10,82,2024-01-17,42.67,5,304,Weekday,0,Rainy
2024-01-19,6088,Donut,Bakery,44,44,,6.98,5,455,Weekday,0,Cold
2024-02-03,2359,Coffee,Beverages,36,14,,37.83,10,428,Weekend,0,Cloudy
2024-01-27,7274,Tomatoes,Vegetables,24,136,2024-02-05,40.69,5,379,Weekend,0,Rainy
2024-02-04,3418,Yogurt,Dairy,40,66,2024-02-17,24.65,0,389,Weekend,0,Sunny
2024-02-14,7790,Broccoli,Vegetables,6,51,2024-02-22,28.41,5,255,Weekday,0,Rainy
2024-02-21,4235,Broccoli,Vegetables,44,116,2024-02-27,44.59,5,387,Weekday,0,Sunny
2024-02-21,6167,Coffee,Beverages,32,111,,6.05,10,204,Weekday,0,Cloudy
2024-02-15,5623,Coffee,Beverages,44,160,,12.17,15,380,Weekday,0,Rainy
2024-02-07,5043,Yogurt,Dairy,15,153,2024-02-15,20.47,15,277,Weekday,0,Rainy
2024-01-19,2687,Tea,Beverages,14,191,,10.76,20,148,Weekday,0,Cold
2024-02-10,4884,Tea,Beverages,18,192,,46.44,15,172,Weekend,0,Cold
2024-02-06,5533,Donut,Bakery,29,193,,22.84,5,124,Weekday,0,Sunny
2024-02-21,5778,Muffin,Bakery,49,153,,38.44,0,131,Weekday,0,Cold
2024-01-25,7796,Bananas,Fruits,14,82,2024-01-27,49.41,0,234,Weekday,1,Cloudy
2024-01-02,3684,Coffee,Beverages,31,139,,42.42,5,434,Weekday,0,Cloudy
2024-02-05,4864,Tomatoes,Vegetables,24,126,2024-02-07,35.14,15,403,Weekday,0,Sunny
2024-02-23,9308,Yogurt,Dairy,48,114,2024-03-09,24.72,10,166,Weekday,0,Cloudy
2024-01-05,3012,Milk,Dairy,10,123,2024-01-10,39.45,5,301,Weekday,0,Cold
2024-01-07,6687,Croissant,Bakery,39,6,,26.06,20,106,Weekend,0,Rainy
2024-02-10,3101,Milkshake,Beverages,17,143,,29.21,20,282,Weekend,0,Cold
2024-01-27,1699,Muffin,Bakery,22,42,,9.21,15,195,Weekend,0,Cloudy
2024-01-08,1280,Tomatoes,Vegetables,47,199,2024-01-21,44.0,20,484,Weekday,0,Rainy
2024-01-02,6017,Tomatoes,Vegetables,16,43,2024-01-09,40.17,20,219,Weekday,0,Sunny
2024-01-04,2858,Tomatoes,Vegetables,49,123,2024-01-15,17.18,5,206,Weekday,0,Cloudy
2024-01-12,2777,Grapes,Fruits,11,124,2024-01-26,30.81,5,433,Weekday,0,Rainy
2024-01-06,1552,Carrots,Vegetables,13,133,2024-01-15,38.3,5,386,Weekend,0,Rainy
2024-02-28,8307,Soda,Beverages,32,11,,18.13,0,143,Weekday,0,Sunny
2024-01-06,4912,Bread,Bakery,16,157,,7.49,10,272,Weekend,0,Cold
2024-01-12,1453,Croissant,Bakery,20,100,,34.5,20,495,Weekday,0,Rainy
2024-01-06,4912,Bread,Bakery,16,157,,7.49,10,272,Weekend,0,Cold
2024-01-02,5085,Mangoes,Fruits,20,137,2024-01-04,34.79,0,159,Weekday,0,Rainy
2024-02-01,4904,Carrots,Vegetables,10,102,2024-02-03,45.81,0,491,Weekday,1,Cold
2024-02-07,9460,Tea,Beverages,50,74,,40.01,0,293,Weekday,0,Rainy
2024-01-30,4174,Bananas,Fruits,42,83,2024-02-08,24.33,15,345,Weekday,0,Sunny
2024-01-22,4678,Grapes,Fruits,33,123,2024-01-25,13.02,20,237,Weekday,0,Sunny
2024-01-31,2120,Broccoli,Vegetables,47,164,2024-02-04,23.81,20,295,Weekday,0,Rainy
2024-02-04,3305,Coffee,Beverages,17,172,,38.54,10,190,Weekend,0,Cold
2024-01-16,1952,Milk,Dairy,16,103,2024-01-29,42.57,20,496,Weekday,0,Rainy
2024-02-13,9613,Soda,Beverages,45,155,,20.27,10,112,Weekday,0,Rainy
2024-02-03,4669,Potatoes,Vegetables,24,160,2024-02-12,12.1,15,450,Weekend,0,Sunny
2024-01-14,8780,Yogurt,Dairy,34,163,2024-01-17,11.17,5,366,Weekend,1,Cloudy
2024-02-01,5652,Potatoes,Vegetables,42,156,2024-02-13,48.53,5,330,Weekday,0,Rainy
2024-01-26,5469,Yogurt,Dairy,16,156,2024-02-07,22.11,0,456,Weekday,0,Cold
2024-02-12,4777,Milk,Dairy,13,14,2024-02-14,20.12,20,236,Weekday,0,Cold
2024-01-18,2724,Potatoes,Vegetables,19,81,2024-01-29,27.35,10,390,Weekday,0,Sunny
2024-02-11,5153,Muffin,Bakery,5,120,,23.14,20,122,Weekend,0,Cold
2024-02-28,8180,Carrots,Vegetables,9,29,2024-03-08,20.96,15,496,Weekday,0,Cloudy
2024-02-07,2783,Spinach,Vegetables,2,126,2024-02-18,47.04,20,241,Weekday,0,Cold
2024-02-14,8569,Butter,Dairy,4,82,2024-02-28,19.02,0,238,Weekday,0,Cold
2024-01-13,8368,Yogurt,Dairy,37,110,2024-01-25,27.62,15,158,Weekend,0,Sunny
2024-01-28,1489,Milk,Dairy,21,124,2024-01-31,31.91,10,400,Weekend,0,Cold
2024-02-23,7530,Milkshake,Beverages,47,84,,26.26,20,303,Weekday,0,Sunny
2024-01-12,1099,Apples,Fruits,39,5,2024-01-23,8.17,5,104,Weekday,0,Rainy
2024-01-28,4491,Soda,Beverages,6,85,,32.67,5,137,Weekend,0,Sunny
2024-02-15,3597,Cheese,Dairy,16,132,2024-02-23,14.8,0,203,Weekday,0,Cold
2024-01-01,8946,Cheese,Dairy,30,117,2024-01-14,22.46,20,314,Weekday,1,Cloudy
2024-01-24,2104,Spinach,Vegetables,11,115,2024-01-31,41.45,10,285,Weekday,0,Sunny
2024-01-04,8897,Mangoes,Fruits,44,133,2024-01-19,33.71,10,328,Weekday,0,Sunny
2024-01-01,7709,Tomatoes,Vegetables,2,115,2024-01-05,47.57,5,285,Weekday,0,Rainy
2024-02-02,5844,Mangoes,Fruits,47,22,2024-02-15,42.27,5,250,Weekday,0,Cloudy
2024-01-06,4539,Oranges,Fruits,37,92,2024-01-15,14.0,0,211,Weekend,0,Rainy
2024-02-14,4551,Milk,Dairy,36,30,2024-02-23,28.54,20,296,Weekday,1,Cloudy
2024-01-26,9247,Milkshake,Beverages,11,125,,10.4,10,264,Weekday,0,Sunny
2024-02-17,1563,Potatoes,Vegetables,1,78,2024-02-29,7.56,20,292,Weekend,0,Cloudy
2024-01-29,5156,Tomatoes,Vegetables,4,178,2024-01-31,43.4,5,284,Weekday,0,Cold
2024-01-10,8771,Yogurt,Dairy,21,87,2024-01-14,46.85,20,121,Weekday,0,Rainy
2024-02-12,1148,Bread,Bakery,6,30,,46.2,5,471,Weekday,0,Rainy
2024-02-05,2194,Muffin,Bakery,44,183,,48.38,15,467,Weekday,0,Rainy
2024-02-22,9355,Oranges,Fruits,16,145,2024-03-05,17.55,0,368,Weekday,0,Sunny
2024-01-09,3851,Coffee,Beverages,16,102,,29.67,10,376,Weekday,0,Cloudy
2024-01-17,3991,Grapes,Fruits,31,37,2024-01-30,43.38,15,410,Weekday,0,Cold
2024-02-27,4223,Oranges,Fruits,38,170,2024-03-05,48.63,0,314,Weekday,0,Rainy
2024-02-11,4012,Croissant,Bakery,26,146,,36.51,20,447,Weekend,0,Cloudy
2024-02-06,3133,Milkshake,Beverages,22,126,,46.81,20,366,Weekday,0,Rainy
2024-01-12,1727,Muffin,Bakery,48,78,,16.07,20,146,Weekday,0,Rainy
2024-01-27,8367,Croissant,Bakery,13,97,,45.19,15,174,Weekend,0,Cloudy
2024-01-06,6471,Apples,Fruits,4,172,2024-01-07,31.0,15,175,Weekend,0,Sunny
2024-01-07,9830,Donut,Bakery,24,186,,15.31,0,470,Weekend,0,Rainy
2024-01-28,3737,Bananas,Fruits,18,198,2024-01-30,15.26,10,310,Weekend,0,Cloudy
2024-01-01,8792,Cheese,Dairy,34,72,2024-01-12,5.93,0,109,Weekday,1,Cold
2024-01-05,9061,Carrots,Vegetables,22,30,2024-01-12,22.03,15,188,Weekday,0,Cloudy
2024-02-02,3541,Tea,Beverages,30,36,,21.5,10,491,Weekday,0,Cold
2024-01-16,9918,Bread,Bakery,21,72,,36.26,20,337,Weekday,0,Sunny
2024-01-07,4968,Mangoes,Fruits,49,141,2024-01-16,25.12,20,185,Weekend,0,Cloudy
2024-02-12,3053,Mangoes,Fruits,17,129,2024-02-23,20.04,20,266,Weekday,0,Sunny
2024-01-13,3085,Muffin,Bakery,12,178,,22.6,15,212,Weekend,0,Cold
2024-02-15,5205,Bread,Bakery,7,135,,46.13,15,404,Weekday,0,Cloudy
2024-02-04,2559,Butter,Dairy,20,96,2024-02-09,20.94,15,208,Weekend,0,Sunny
2024-01-01,6821,Croissant,Bakery,33,181,,34.66,15,420,Weekday,0,Sunny
2024-01-14,7338,Tea,Beverages,4,48,,28.34,10,211,Weekend,1,Cold
2024-01-09,4831,Apples,Fruits,50,134,2024-01-15,28.29,5,230,Weekday,0,Sunny
2024-02-14,6542,Milk,Dairy,39,107,2024-02-28,25.81,0,204,Weekday,1,Cold
2024-01-01,2607,Croissant,Bakery,6,119,,20.84,10,474,Weekday,1,Cloudy
2024-02-29,2473,Tomatoes,Vegetables,1,133,2024-03-14,42.37,10,170,Weekday,0,Cold
2024-01-17,6546,Milkshake,Beverages,32,33,,29.72,5,371,Weekday,0,Cloudy
2024-01-17,2680,Muffin,Bakery,45,2,,28.5,5,279,Weekday,0,Cloudy
2024-02-09,9042,Oranges,Fruits,18,188,2024-02-22,13.05,20,268,Weekday,0,Rainy
2024-02-08,2632,Carrots,Vegetables,9,32,2024-02-17,15.22,20,232,Weekday,0,Cold
2024-02-15,6982,Tomatoes,Vegetables,9,112,2024-02-19,33.3,0,406,Weekday,0,Sunny
2024-02-25,6902,Mangoes,Fruits,16,136,2024-02-28,18.1,0,474,Weekend,1,Rainy
2024-01-16,5405,Muffin,Bakery,47,119,,36.5,5,313,Weekday,0,Sunny
2024-01-12,9144,Milkshake,Beverages,16,44,,17.59,0,348,Weekday,0,Sunny
2024-01-17,2828,Bread,Bakery,34,80,,43.04,5,465,Weekday,0,Cold
2024-01-19,1246,Butter,Dairy,16,10,2024-01-26,43.62,5,357,Weekday,0,Rainy
2024-02-28,8180,Carrots,Vegetables,9,29,2024-03-08,20.96,15,496,Weekday,0,Cloudy
2024-01-30,5787,Tea,Beverages,46,0,,39.48,15,306,Weekday,0,Cloudy
2024-01-26,2670,Milk,Dairy,5,102,2024-01-27,30.9,10,470,Weekday,0,Rainy
2024-02-15,3895,Tomatoes,Vegetables,17,96,2024-02-19,48.35,20,324,Weekday,0,Sunny
2024-02-13,9018,Muffin,Bakery,43,178,,39.51,20,301,Weekday,0,Cold
2024-01-14,4373,Tomatoes,Vegetables,46,130,2024-01-19,39.88,20,224,Weekend,1,Cloudy
2024-02-09,6788,Butter,Dairy,26,131,2024-02-20,28.32,5,312,Weekday,0,Cloudy
2024-02-06,2874,Soda,Beverages,5,77,,36.62,15,314,Weekday,0,Cloudy
2024-02-29,6173,Carrots,Vegetables,21,31,2024-03-07,17.06,5,298,Weekday,0,Cold
2024-01-01,3074,Soda,Beverages,25,173,,12.67,15,327,Weekday,1,Cold
2024-02-12,5720,Bread,Bakery,16,150,,7.5,10,364,Weekday,0,Cloudy
2024-01-04,3700,Oranges,Fruits,10,82,2024-01-17,42.67,5,304,Weekday,0,Rainy
2024-01-29,5156,Tomatoes,Vegetables,4,178,2024-01-31,43.4,5,284,Weekday,0,Cold
2024-01-07,8618,Milkshake,Beverages,41,155,,27.62,0,407,Weekend,0,Cold
2024-01-31,4665,Carrots,Vegetables,23,133,2024-02-03,17.66,15,168,Weekday,0,Cloudy
2024-02-23,9857,Croissant,Bakery,50,175,,9.47,15,373,Weekday,0,Cold
2024-01-05,8459,Carrots,Vegetables,44,157,2024-01-12,32.48,15,222,Weekday,0,Rainy
2024-01-21,1949,Potatoes,Vegetables,5,15,2024-01-27,14.41,20,480,Weekend,0,Sunny
2024-01-15,2024,Grapes,Fruits,42,37,2024-01-18,8.1,20,336,Weekday,0,Cloudy
2024-01-31,3291,Tea,Beverages,39,15,,19.08,0,428,Weekday,0,Cold
2024-02-09,1518,Tomatoes,Vegetables,23,83,2024-02-24,15.2,10,117,Weekday,0,Rainy
2024-01-22,9443,Bread,Bakery,41,15,,13.27,0,231,Weekday,0,Cloudy
2024-02-22,4230,Apples,Fruits,2,108,2024-03-05,41.87,0,340,Weekday,0,Cloudy
2024-01-29,5596,Carrots,Vegetables,40,75,2024-02-04,15.01,20,497,Weekday,0,Rainy
2024-01-08,6179,Donut,Bakery,16,163,,13.64,10,107,Weekday,0,Rainy
2024-02-19,6513,Apples,Fruits,42,82,2024-03-05,22.71,15,112,Weekday,0,Sunny
2024-02-03,4260,Mangoes,Fruits,14,92,2024-02-07,48.72,15,138,Weekend,0,Sunny
2024-01-08,1280,Tomatoes,Vegetables,47,199,2024-01-21,44.0,20,484,Weekday,0,Rainy
2024-02-20,1751,Cheese,Dairy,16,179,2024-02-25,21.31,0,459,Weekday,0,Cloudy
2024-01-26,4518,Grapes,Fruits,22,163,2024-02-08,9.83,5,277,Weekday,0,Cloudy
2024-02-11,4044,Muffin,Bakery,23,163,,22.52,10,345,Weekend,0,Cloudy
2024-01-06,8843,Milk,Dairy,44,97,2024-01-15,15.42,5,221,Weekend,0,Cloudy
2024-02-23,9308,Yogurt,Dairy,48,114,2024-03-09,24.72,10,166,Weekday,0,Cloudy
2024-01-10,4835,Coffee,Beverages,16,120,,12.41,0,471,Weekday,0,Rainy
2024-01-29,1573,Croissant,Bakery,14,120,,26.63,10,280,Weekday,0,Rainy
2024-01-20,9526,Juice,Beverages,46,52,,26.5,0,211,Weekend,0,Rainy
2024-01-28,9273,Muffin,Bakery,21,9,,11.32,20,131,Weekend,0,Sunny
2024-02-21,5778,Muffin,Bakery,49,153,,38.44,0,131,Weekday,0,Cold
2024-01-24,9795,Grapes,Fruits,16,120,2024-02-04,41.85,0,359,Weekday,0,Cold
2024-02-16,9890,Soda,Beverages,19,150,,28.41,20,284,Weekday,0,Sunny
2024-01-21,4238,Juice,Beverages,30,6,,16.12,10,430,Weekend,0,Cloudy
2024-01-08,3128,Milk,Dairy,13,12,2024-01-09,38.64,10,310,Weekday,0,Sunny
2024-01-28,1054,Broccoli,Vegetables,39,64,2024-02-07,13.47,20,119,Weekend,0,Sunny
2024-02-26,3586,Donut,Bakery,24,19,,8.45,15,431,Weekday,0,Cold
2024-02-21,3254,Milkshake,Beverages,17,29,,11.84,10,252,Weekday,0,Cold
2024-02-19,9774,Milkshake,Beverages,17,64,,34.78,15,265,Weekday,0,Cold
2024-02-17,7490,Milk,Dairy,10,109,2024-03-02,9.35,20,229,Weekend,0,Rainy
2024-01-15,5757,Butter,Dairy,2,142,2024-01-17,15.82,10,389,Weekday,0,Cloudy
2024-01-10,4287,Apples,Fruits,47,131,2024-01-16,18.93,15,195,Weekday,0,Cold
2024-01-30,5617,Cheese,Dairy,19,151,2024-02-10,15.2,15,316,Weekday,0,Cold
2024-01-26,3337,Soda,Beverages,3,29,,47.83,20,285,Weekday,0,Cloudy
2024-02-13,8175,Milkshake,Beverages,11,146,,29.04,5,498,Weekday,0,Rainy
2024-02-27,4223,Oranges,Fruits,38,170,2024-03-05,48.63,0,314,Weekday,0,Rainy
2024-02-10,4884,Tea,Beverages,18,192,,46.44,15,172,Weekend,0,Cold
2024-02-29,9647,Carrots,Vegetables,18,36,2024-03-06,39.92,5,178,Weekday,0,Cloudy
2024-02-10,3960,Spinach,Vegetables,18,191,2024-02-23,43.5,5,150,Weekend,0,Sunny
2024-01-12,1453,Croissant,Bakery,20,100,,34.5,20,495,Weekday,0,Rainy
2024-01-11,1546,Cheese,Dairy,29,147,2024-01-25,48.65,15,191,Weekday,0,Rainy
2024-02-17,8094,Butter,Dairy,8,163,2024-02-29,13.28,10,491,Weekend,0,Sunny
2024-01-01,7924,Juice,Beverages,47,191,,11.24,15,317,Weekday,1,Sunny
2024-02-29,8031,Cheese,Dairy,25,105,2024-03-07,7.03,5,449,Weekday,0,Sunny
2024-02-29,8031,Cheese,Dairy,25,105,2024-03-07,7.03,5,449,Weekday,0,Sunny
2024-01-03,8164,Milkshake,Beverages,36,101,,38.7,15,212,Weekday,0,Rainy
2024-01-17,9267,Milkshake,Beverages,21,78,,8.38,5,162,Weekday,0,Sunny
2024-02-12,9572,Potatoes,Vegetables,26,97,2024-02-25,45.12,20,222,Weekday,0,Sunny
2024-01-07,3813,Yogurt,Dairy,17,21,2024-01-12,31.46,20,410,Weekend,0,Sunny
2024-01-05,6633,Tomatoes,Vegetables,35,103,2024-01-09,7.23,15,381,Weekday,0,Cold
2024-02-01,3243,Broccoli,Vegetables,42,89,2024-02-07,46.31,15,463,Weekday,0,Rainy
2024-02-07,6473,Apples,Fruits,5,172,2024-02-13,38.8,5,415,Weekday,0,Rainy
2024-02-09,5547,Cheese,Dairy,39,76,2024-02-16,13.91,20,446,Weekday,0,Cold
2024-01-04,1125,Butter,Dairy,3,57,2024-01-13,35.62,20,193,Weekday,0,Cold
2024-01-01,4023,Mangoes,Fruits,27,193,2024-01-10,29.45,0,197,Weekday,1,Sunny
2024-02-13,9614,Soda,Beverages,3,17,,28.81,20,491,Weekday,0,Cold
2024-01-28,1054,Broccoli,Vegetables,39,64,2024-02-07,13.47,20,119,Weekend,0,Sunny
2024-02-27,3932,Soda,Beverages,32,101,,5.22,0,270,Weekday,0,Cold
2024-02-05,6974,Butter,Dairy,10,74,2024-02-16,6.54,15,278,Weekday,0,Sunny
2024-01-02,5762,Croissant,Bakery,1,79,,27.28,0,500,Weekday,0,Rainy
2024-02-10,3960,Spinach,Vegetables,18,191,2024-02-23,43.5,5,150,Weekend,0,Sunny
2024-01-18,8613,Bananas,Fruits,6,163,2024-01-19,22.64,5,479,Weekday,0,Cloudy
2024-01-16,6760,Carrots,Vegetables,28,8,2024-01-19,10.18,0,204,Weekday,0,Rainy
2024-01-19,2687,Tea,Beverages,14,191,,10.76,20,148,Weekday,0,Cold
2024-01-20,2870,Milkshake,Beverages,24,16,,44.68,0,152,Weekend,0,Rainy
2024-01-11,4167,Carrots,Vegetables,39,57,2024-01-22,30.4,10,447,Weekday,0,Cold
2024-01-08,9834,Coffee,Beverages,10,183,,32.85,0,397,Weekday,0,Cold
2024-02-17,9096,Soda,Beverages,22,91,,44.36,10,164,Weekend,0,Sunny
2024-02-19,1307,Carrots,Vegetables,26,0,2024-02-22,43.9,0,262,Weekday,0,Sunny
2024-02-19,6513,Apples,Fruits,42,82,2024-03-05,22.71,15,112,Weekday,0,Sunny
2024-02-11,6115,Tea,Beverages,34,56,,20.32,0,487,Weekend,0,Cloudy
2024-02-04,4550,Bread,Bakery,4,79,,31.1,5,325,Weekend,0,Cold
2024-02-20,5747,Tea,Beverages,14,86,,36.37,5,482,Weekday,0,Sunny
2024-01-18,7910,Croissant,Bakery,46,144,,44.0,5,345,Weekday,0,Cold
2024-02-20,3376,Broccoli,Vegetables,38,140,2024-02-26,49.79,0,210,Weekday,0,Sunny
2024-02-27,7168,Soda,Beverages,19,109,,28.96,0,306,Weekday,0,Rainy
2024-02-14,8622,Croissant,Bakery,7,59,,26.4,15,113,Weekday,0,Cloudy
2024-01-07,8709,Oranges,Fruits,43,145,2024-01-19,10.62,10,315,Weekend,0,Rainy
2024-02-26,9446,Croissant,Bakery,10,69,,26.02,15,392,Weekday,0,Cold
2024-02-20,7323,Donut,Bakery,9,155,,26.83,10,241,Weekday,0,Rainy
2024-01-31,3678,Oranges,Fruits,34,5,2024-02-02,34.37,5,246,Weekday,0,Sunny
2024-02-20,9176,Carrots,Vegetables,26,58,2024-02-27,45.55,0,279,Weekday,0,Sunny
2024-01-03,2685,Muffin,Bakery,9,85,,35.58,5,405,Weekday,0,Cold
2024-02-22,4377,Oranges,Fruits,20,15,2024-03-05,49.93,15,373,Weekday,0,Cloudy
2024-02-08,3794,Donut,Bakery,7,167,,6.24,0,371,Weekday,0,Sunny
2024-02-10,9895,Bread,Bakery,18,48,,27.04,15,394,Weekend,0,Cloudy
2024-01-21,4238,Juice,Beverages,30,6,,16.12,10,430,Weekend,0,Cloudy
2024-02-19,6918,Juice,Beverages,48,2,,40.74,15,371,Weekday,0,Cold
2024-02-11,2299,Muffin,Bakery,15,3,,5.39,10,379,Weekend,0,Cloudy
2024-02-21,6298,Cheese,Dairy,44,69,2024-03-06,40.43,15,290,Weekday,0,Sunny
2024-01-29,4627,Apples,Fruits,12,193,2024-02-04,20.74,10,309,Weekday,0,Sunny
2024-01-19,5485,Croissant,Bakery,1,123,,29.46,10,319,Weekday,0,Sunny
2024-02-16,2528,Bread,Bakery,25,131,,47.88,20,233,Weekday,0,Cloudy
2024-02-03,5835,Potatoes,Vegetables,5,199,2024-02-09,18.01,10,230,Weekend,0,Rainy
2024-02-18,2436,Carrots,Vegetables,37,47,2024-02-21,14.01,10,368,Weekend,0,Cold
2024-02-28,8180,Carrots,Vegetables,9,29,2024-03-08,20.96,15,496,Weekday,0,Cloudy
2024-01-11,3166,Mangoes,Fruits,10,147,2024-01-22,39.45,5,236,Weekday,0,Rainy
2024-01-16,2047,Donut,Bakery,16,93,,29.2,10,442,Weekday,0,Sunny
2024-01-06,4397,Bread,Bakery,21,151,,27.56,5,252,Weekend,0,Cold
2024-02-16,7826,Apples,Fruits,41,144,2024-02-25,19.2,10,264,Weekday,0,Rainy
2024-01-29,5596,Carrots,Vegetables,40,75,2024-02-04,15.01,20,497,Weekday,0,Rainy
2024-01-13,7960,Milk,Dairy,31,34,2024-01-18,11.04,20,491,Weekend,0,Cloudy
2024-01-27,1699,Muffin,Bakery,22,42,,9.21,15,195,Weekend,0,Cloudy
2024-01-04,8897,Mangoes,Fruits,44,133,2024-01-19,33.71,10,328,Weekday,0,Sunny
2024-01-20,3378,Oranges,Fruits,35,89,2024-01-23,41.73,20,369,Weekend,0,Cold
2024-01-24,4051,Tomatoes,Vegetables,16,57,2024-02-02,45.5,15,181,Weekday,0,Rainy
2024-01-21,8208,Apples,Fruits,16,143,2024-01-29,14.75,10,317,Weekend,0,Cold
2024-01-18,7071,Croissant,Bakery,4,168,,6.87,5,381,Weekday,0,Sunny
2024-02-01,5305,Potatoes,Vegetables,49,92,2024-02-03,48.57,0,297,Weekday,1,Rainy
2024-02-16,6097,Cheese,Dairy,10,34,2024-02-17,15.34,0,149,Weekday,0,Cold
2024-02-17,9253,Potatoes,Vegetables,10,23,2024-02-21,38.6,0,230,Weekend,0,Cloudy
2024-02-13,4960,Grapes,Fruits,32,75,2024-02-21,15.46,5,480,Weekday,0,Cloudy
2024-02-08,6323,Bananas,Fruits,2,4,2024-02-15,21.94,10,298,Weekday,0,Rainy
2024-02-03,7769,Milk,Dairy,17,69,2024-02-13,7.47,20,256,Weekend,0,Sunny
2024-01-02,6017,Tomatoes,Vegetables,16,43,2024-01-09,40.17,20,219,Weekday,0,Sunny
2024-02-05,5445,Mangoes,Fruits,17,186,2024-02-19,37.19,0,133,Weekday,0,Cloudy
2024-02-29,4758,Tomatoes,Vegetables,26,196,2024-03-12,13.86,0,100,Weekday,0,Sunny
2024-01-09,8735,Apples,Fruits,2,44,2024-01-23,5.4,15,136,Weekday,0,Cold
2024-01-15,3587,Carrots,Vegetables,24,124,2024-01-22,35.06,0,212,Weekday,0,Rainy
2024-01-04,9020,Apples,Fruits,42,132,2024-01-10,22.31,5,297,Weekday,0,Cold
2024-02-20,6699,Muffin,Bakery,10,135,,14.09,5,169,Weekday,0,Cloudy
2024-02-03,4669,Potatoes,Vegetables,24,160,2024-02-12,12.1,15,450,Weekend,0,Sunny
2024-02-03,2359,Coffee,Beverages,36,14,,37.83,10,428,Weekend,0,Cloudy
2024-01-08,4305,Yogurt,Dairy,4,172,2024-01-17,12.72,5,238,Weekday,0,Cloudy
2024-02-23,8681,Soda,Beverages,48,185,,5.36,0,355,Weekday,0,Sunny
2024-02-18,4761,Cheese,Dairy,5,121,2024-02-22,44.62,20,439,Weekend,0,Sunny
2024-02-12,8844,Mangoes,Fruits,5,172,2024-02-21,15.42,20,418,Weekday,0,Sunny
2024-02-25,8338,Tomatoes,Vegetables,24,7,2024-03-10,24.97,10,395,Weekend,0,Sunny
2024-02-04,5994,Bread,Bakery,47,135,,9.9,20,365,Weekend,0,Rainy
2024-01-08,8360,Milk,Dairy,18,12,2024-01-09,44.38,10,236,Weekday,0,Sunny
2024-01-18,6259,Potatoes,Vegetables,46,104,2024-01-21,31.86,5,329,Weekday,0,Cold
2024-01-24,9338,Soda,Beverages,43,49,,46.09,10,119,Weekday,0,Sunny
2024-02-24,9618,Soda,Beverages,36,133,,28.12,15,428,Weekend,0,Cloudy
2024-01-29,7451,Broccoli,Vegetables,29,128,2024-02-06,19.62,15,492,Weekday,0,Rainy
2024-01-17,2602,Apples,Fruits,16,71,2024-01-27,39.24,15,363,Weekday,0,Cloudy
2024-02-28,6161,Grapes,Fruits,33,195,2024-03-08,21.29,15,300,Weekday,0,Cold
2024-02-19,6942,Tomatoes,Vegetables,45,20,2024-03-01,34.56,5,212,Weekday,0,Rainy
2024-01-11,5546,Tomatoes,Vegetables,9,162,2024-01-14,6.67,15,341,Weekday,0,Sunny
2024-01-22,3600,Muffin,Bakery,35,146,,38.91,20,306,Weekday,0,Rainy
2024-02-17,5444,Croissant,Bakery,50,175,,17.12,20,205,Weekend,0,Cloudy
2024-02-06,6695,Carrots,Vegetables,50,89,2024-02-07,31.63,20,282,Weekday,0,Sunny
2024-01-02,1628,Spinach,Vegetables,50,198,2024-01-14,37.09,20,367,Weekday,0,Cold
